{"stats":{"minecraft:custom":{"minecraft:time_since_rest":7991,"minecraft:sprint_one_cm":15024,"minecraft:damage_taken":190,"minecraft:walk_one_cm":16300,"minecraft:drop":4,"minecraft:damage_dealt":13,"minecraft:interact_with_crafting_table":6,"minecraft:swim_one_cm":77,"minecraft:fly_one_cm":34995,"minecraft:crouch_one_cm":2002,"minecraft:play_time":7991,"minecraft:sneak_time":917,"minecraft:walk_under_water_one_cm":4164,"minecraft:jump":167,"minecraft:damage_dealt_resisted":9,"minecraft:time_since_death":7991,"minecraft:walk_on_water_one_cm":765,"minecraft:total_world_time":7991,"minecraft:fall_one_cm":4784},"minecraft:used":{"minecraft:wooden_axe":105,"minecraft:apple":1,"simplytools:stone_hammer":33,"minecraft:dirt":8,"simplytools:wooden_hammer":8,"minecraft:crafting_table":3,"minecraft:oak_sapling":1,"minecraft:acacia_sapling":1},"minecraft:mined":{"minecraft:acacia_log":2,"minecraft:oak_log":104,"minecraft:lapis_ore":2,"minecraft:stone":39,"minecraft:oak_leaves":1},"minecraft:dropped":{"minecraft:oak_sapling":8,"simplytools:wooden_hammer":1},"minecraft:crafted":{"minecraft:oak_planks":40,"simplytools:stone_hammer":1,"minecraft:crafting_table":3,"minecraft:stick":8,"minecraft:wooden_axe":2,"simplytools:wooden_hammer":1,"minecraft:acacia_planks":8,"simplytools:stone_hammer_head":1,"simplytools:wooden_hammer_head":1},"minecraft:picked_up":{"minecraft:stick":3,"minecraft:acacia_log":2,"minecraft:oak_log":74,"minecraft:lapis_lazuli":15,"minecraft:dirt":16,"minecraft:apple":1,"minecraft:oak_sapling":9,"minecraft:acacia_sapling":1,"minecraft:cobblestone":33},"minecraft:broken":{"minecraft:wooden_axe":1}},"DataVersion":3465}