{"stats":{"minecraft:custom":{"minecraft:animals_bred":3,"minecraft:interact_with_crafting_table":79,"minecraft:open_barrel":11,"minecraft:eat_cake_slice":1,"minecraft:leave_game":7,"minecraft:time_since_death":157,"minecraft:damage_resisted":500,"minecraft:sprint_one_cm":950442,"minecraft:damage_blocked_by_shield":1905,"minecraft:drop":307,"minecraft:talked_to_villager":206,"minecraft:play_time":293443,"minecraft:deaths":27,"minecraft:jump":8342,"minecraft:walk_on_water_one_cm":58749,"minecraft:interact_with_furnace":23,"minecraft:traded_with_villager":207,"minecraft:sleep_in_bed":22,"minecraft:damage_dealt":17795,"minecraft:crouch_one_cm":58964,"minecraft:interact_with_smoker":10,"minecraft:mob_kills":81,"minecraft:damage_dealt_resisted":1340,"minecraft:climb_one_cm":7080,"minecraft:walk_one_cm":1014971,"minecraft:damage_dealt_absorbed":40,"minecraft:sneak_time":16048,"minecraft:walk_under_water_one_cm":34972,"minecraft:boat_one_cm":111060,"minecraft:interact_with_blast_furnace":19,"minecraft:total_world_time":293443,"minecraft:time_since_rest":184,"minecraft:damage_taken":16200,"minecraft:damage_absorbed":216,"minecraft:trigger_trapped_chest":6,"minecraft:swim_one_cm":123974,"minecraft:fly_one_cm":2047486,"minecraft:open_chest":99,"minecraft:fall_one_cm":254815},"minecraft:mined":{"minecraft:spruce_planks":4,"minecraft:oak_sapling":1,"minecraft:white_bed":44,"iceandfire:graveyard_soil":1,"iceandfire:copper_pile":12,"minecraft:brewing_stand":2,"minecraft:granite":5,"minecraft:grass_block":4,"minecraft:stone_brick_wall":3,"minecraft:light_gray_bed":9,"biomesoplenty:palm_log":12,"minecraft:dark_oak_trapdoor":1,"minecraft:iron_ore":12,"minecraft:fire":12,"minecraft:fletching_table":14,"minecraft:anvil":1,"iceandfire:gold_pile":29,"minecraft:oak_stairs":5,"minecraft:iron_bars":2,"minecraft:azalea_leaves":3,"minecraft:sandstone_slab":1,"minecraft:smoker":4,"biomesoplenty:wildflower":1,"minecraft:yellow_banner":1,"minecraft:torch":2,"minecraft:jungle_stairs":3,"minecraft:blast_furnace":2,"minecraft:calcite":2,"minecraft:poppy":6,"minecraft:dead_bush":17,"minecraft:cobblestone":32,"minecraft:sugar_cane":57,"minecraft:oak_planks":39,"minecraft:damaged_anvil":1,"minecraft:wall_torch":5,"minecraft:seagrass":2,"minecraft:birch_log":60,"minecraft:wheat":9,"minecraft:stripped_oak_wood":2,"minecraft:grass":77,"minecraft:oak_log":435,"minecraft:beetroots":1,"minecraft:acacia_fence":1,"minecraft:dirt":13,"minecraft:oak_leaves":31,"iceandfire:silver_ore":4,"biomesoplenty:desert_grass":6,"biomesoplenty:bush":5,"minecraft:allium":6,"minecraft:spruce_fence":2,"minecraft:jungle_planks":2,"minecraft:hay_block":139,"minecraft:oak_trapdoor":2,"minecraft:carrots":1,"minecraft:acacia_wood":1,"minecraft:dark_oak_fence_gate":1,"minecraft:bookshelf":43,"minecraft:vine":3,"minecraft:stripped_oak_log":24,"minecraft:stone":150,"minecraft:birch_stairs":3,"minecraft:acacia_leaves":1,"minecraft:glass_pane":2,"smarter_mobs:spider_web":3,"minecraft:rose_bush":2,"minecraft:lectern":70,"minecraft:stone_slab":1,"minecraft:tall_grass":14,"minecraft:copper_ore":25,"minecraft:birch_planks":5,"minecraft:spruce_log":3,"minecraft:birch_leaves":1,"minecraft:coal_ore":113,"minecraft:gravel":103,"minecraft:dripstone_block":5,"minecraft:cobweb":12,"minecraft:polished_andesite":9,"minecraft:stone_bricks":2,"minecraft:fern":1},"minecraft:broken":{"simplytools:stone_hammer":1,"minecraft:chainmail_chestplate":1,"minecraft:stone_axe":3,"minecraft:leather_helmet":1,"minecraft:stone_sword":2,"minecraft:shield":1,"minecraft:iron_axe":1},"minecraft:killed_by":{"born_in_chaos_v1:nightmare_stalker":1,"minecraft:creeper":1,"minecraft:pillager":1,"born_in_chaos_v1:zombie_bruiser":1,"born_in_chaos_v1:baby_skeleton":1,"iceandfire:stymphalian_bird":1,"mowziesmobs:umvuthi":1,"man:managgresive":1,"mowziesmobs:umvuthana":1,"iceandfire:fire_dragon":1,"minecraft:iron_golem":1,"alexsmobs:bison":1,"mowziesmobs:ferrous_wroughtnaut":9,"alexsmobs:guster":1,"minecraft:skeleton":1,"iceandfire:lightning_dragon":1,"born_in_chaos_v1:corpse_fish":1,"mowziesmobs:umvuthana_crane":1,"born_in_chaos_v1:maggot":1},"minecraft:killed":{"iceandfire:stymphalian_bird":1,"minecraft:skeleton":2,"mowziesmobs:umvuthana_crane":5,"alexsmobs:kangaroo":11,"born_in_chaos_v1:dread_hound_not_despawn":2,"iceandfire:cockatrice":1,"minecraft:pillager":3,"minecraft:zombie":4,"born_in_chaos_v1:dread_hound":1,"born_in_chaos_v1:corpse_fly":1,"alexsmobs:roadrunner":1,"mowziesmobs:umvuthana_raptor":1,"minecraft:cow":3,"alexsmobs:rattlesnake":2,"born_in_chaos_v1:maggot":3,"born_in_chaos_v1:corpse_fish":6,"mowziesmobs:umvuthana":7,"born_in_chaos_v1:baby_skeleton":1,"mowziesmobs:umvuthana_follower_raptor":4,"alexsmobs:rhinoceros":1,"alexsmobs:emu":5,"born_in_chaos_v1:bloody_gadfly":2,"iceandfire:ghost":6,"alexsmobs:gazelle":1},"minecraft:crafted":{"minecraft:oak_planks":2024,"minecraft:chainmail_helmet":1,"hangglider:hang_glider":2,"minecraft:bookshelf":1,"iceandfire:copper_axe":1,"minecraft:diamond_helmet":1,"minecraft:diamond_leggings":2,"minecraft:iron_boots":9,"sophisticatedbackpacks:copper_backpack":1,"simplytools:stone_hammer":1,"iceandfire:armor_copper_metal_chestplate":1,"minecraft:chest":3,"minecraft:emerald":168,"sophisticatedbackpacks:backpack":1,"minecraft:crafting_table":15,"minecraft:spruce_planks":12,"minecraft:iron_helmet":1,"minecraft:copper_ingot":35,"minecraft:fletching_table":9,"minecraft:birch_planks":356,"minecraft:shield":12,"minecraft:stick":5192,"minecraft:iron_ingot":12,"minecraft:stone_sword":3,"minecraft:gold_ingot":15,"alexsmobs:emu_leggings":1,"iceandfire:silver_sword":1,"biomesoplenty:palm_planks":16,"hangglider:glider_framework":2,"minecraft:cherry_planks":512,"iceandfire:dragon_stick":1,"hangglider:glider_wing":4,"minecraft:leather":4,"minecraft:iron_axe":2,"minecraft:stone_pickaxe":1,"minecraft:diamond_boots":2,"minecraft:spruce_boat":1,"minecraft:wheat":617,"sophisticatedbackpacks:iron_backpack":1,"sophisticatedbackpacks:gold_backpack":1,"simplytools:stone_hammer_head":1,"minecraft:stone_axe":3,"minecraft:bread":217,"minecraft:air":0,"minecraft:oak_boat":3,"minecraft:chainmail_boots":12,"minecraft:torch":20,"minecraft:diamond_chestplate":2},"minecraft:used":{"alexsmobs:emu_egg":2,"minecraft:iron_shovel":104,"minecraft:chest":1,"minecraft:shield":104,"mowziesmobs:umvuthana_mask_bliss":2,"minecraft:allium":2,"minecraft:spruce_boat":1,"mowziesmobs:umvuthana_mask_faith":1,"minecraft:lantern":1,"minecraft:iron_helmet":2,"minecraft:stone_bricks":2,"minecraft:item_frame":2,"minecraft:oak_sapling":38,"minecraft:stone_pickaxe":70,"minecraft:oak_planks":337,"minecraft:cactus":2,"minecraft:sand":16,"minecraft:blast_furnace":2,"minecraft:dripstone_block":5,"iceandfire:armor_copper_metal_chestplate":1,"minecraft:bread":188,"minecraft:stone_button":2,"minecraft:lectern":69,"minecraft:gravel":83,"minecraft:stripped_oak_wood":1,"minecraft:oak_boat":6,"minecraft:experience_bottle":1,"minecraft:cobweb":5,"minecraft:oak_trapdoor":1,"minecraft:stone_sword":413,"iceandfire:silver_sword":29,"minecraft:torch":4,"minecraft:dirt":31,"minecraft:chainmail_chestplate":1,"minecraft:dark_oak_planks":1,"minecraft:bookshelf":1,"minecraft:iron_axe":295,"iceandfire:copper_axe":326,"minecraft:iron_boots":2,"minecraft:beef":2,"minecraft:light_gray_bed":10,"minecraft:iron_leggings":1,"minecraft:water_bucket":13,"minecraft:birch_planks":5,"minecraft:fletching_table":23,"minecraft:crafting_table":15,"minecraft:white_bed":44,"smarter_mobs:spider_web":2,"minecraft:smoker":1,"minecraft:iron_pickaxe":153,"simplytools:stone_hammer":196,"minecraft:stone_axe":304,"minecraft:cobblestone":215,"minecraft:bucket":14,"minecraft:sandstone_slab":1,"alexsmobs:animal_dictionary":3},"minecraft:dropped":{"biomesoplenty:pink_daffodil":3,"mowziesmobs:umvuthana_mask_faith":1,"minecraft:sandstone_slab":1,"minecraft:crossbow":1,"minecraft:lantern":3,"iceandfire:ectoplasm":3,"minecraft:item_frame":3,"born_in_chaos_v1:monster_flesh":5,"minecraft:dirt":20,"minecraft:stone_button":21,"mowziesmobs:umvuthana_mask_bliss":2,"minecraft:dark_oak_trapdoor":1,"alexsmobs:emu_feather":1,"minecraft:gold_nugget":64,"biomesoplenty:palm_sapling":1,"alexsmobs:emu_leggings":2,"minecraft:bone":3,"minecraft:gold_ingot":19,"minecraft:armor_stand":6,"minecraft:sugar_cane":4,"hangglider:hang_glider":1,"alexsmobs:gazelle_horn":1,"minecraft:birch_sapling":14,"minecraft:wheat":7,"born_in_chaos_v1:ethereal_spirit":2,"minecraft:pointed_dripstone":1,"immersive_melodies:flute":1,"minecraft:beetroot":1,"minecraft:rotten_flesh":1,"minecraft:oak_planks":4,"alexsmobs:emu_egg":1,"minecraft:carrot":2,"minecraft:dark_oak_fence_gate":1,"minecraft:beetroot_seeds":3,"born_in_chaos_v1:corpse_maggot":7,"minecraft:stone_brick_wall":3,"minecraft:chest":2,"minecraft:chainmail_boots":12,"minecraft:iron_bars":2,"minecraft:arrow":3,"minecraft:beef":8,"minecraft:acacia_fence":1,"iceandfire:manuscript":2,"minecraft:egg":2,"minecraft:bread":115,"minecraft:iron_ingot":12,"minecraft:wheat_seeds":31,"minecraft:clock":2,"minecraft:diamond_leggings":1,"iceandfire:armor_copper_metal_chestplate":3,"minecraft:feather":19,"minecraft:iron_helmet":3,"minecraft:cobblestone":9,"minecraft:apple":2,"minecraft:granite":5,"minecraft:copper_ingot":19,"minecraft:chainmail_helmet":5,"iceandfire:stymphalian_skull":1,"minecraft:polished_andesite":9,"iceandfire:copper_nugget":10,"minecraft:torch":1,"minecraft:iron_leggings":4,"minecraft:oak_stairs":5,"minecraft:cactus":2,"iceandfire:dragon_skull_fire":1,"iceandfire:silver_nugget":2,"minecraft:oak_trapdoor":1,"minecraft:player_head":2,"minecraft:stone_sword":1,"minecraft:raw_copper":5,"born_in_chaos_v1:rotten_fish":6,"minecraft:iron_boots":18,"sophisticatedbackpacks:backpack":1,"minecraft:stripped_oak_log":18,"minecraft:stone_slab":4,"biomesoplenty:palm_log":19,"iceandfire:copper_axe":1,"minecraft:filled_map":2,"minecraft:hay_block":2,"minecraft:shield":13,"minecraft:allium":8,"minecraft:diamond_chestplate":1,"mowziesmobs:umvuthana_mask_misery":1,"minecraft:light_gray_bed":1,"minecraft:oak_sapling":180,"born_in_chaos_v1:bloody_gadfly_eye":1,"minecraft:diamond_boots":1,"minecraft:slime_ball":2,"minecraft:stone_pickaxe":1,"minecraft:calcite":2},"minecraft:picked_up":{"minecraft:wheat":12,"minecraft:anvil":1,"alexsmobs:emu_leggings":1,"minecraft:stone_slab":4,"iceandfire:armor_copper_metal_chestplate":3,"minecraft:oak_stairs":5,"minecraft:enchanted_book":1,"born_in_chaos_v1:bloody_gadfly_eye":1,"minecraft:brewing_stand":1,"alexsmobs:gazelle_horn":1,"minecraft:string":12,"minecraft:dark_oak_trapdoor":1,"minecraft:raw_copper":80,"minecraft:iron_leggings":3,"minecraft:armor_stand":6,"minecraft:experience_bottle":1,"minecraft:beetroot":1,"alexsmobs:emu_feather":5,"minecraft:gold_nugget":168,"minecraft:spruce_planks":4,"minecraft:calcite":2,"minecraft:iron_pickaxe":1,"minecraft:iron_boots":7,"minecraft:stick":139,"minecraft:acacia_fence":1,"minecraft:torch":11,"minecraft:pointed_dripstone":1,"minecraft:yellow_banner":1,"minecraft:cactus":4,"minecraft:light_gray_bed":12,"minecraft:rotten_flesh":1,"biomesoplenty:palm_log":23,"alexsmobs:emu_egg":3,"immersive_melodies:flute":1,"minecraft:iron_bars":2,"minecraft:cobblestone":250,"minecraft:birch_log":65,"minecraft:feather":19,"minecraft:smoker":4,"minecraft:potato":1,"minecraft:flint":19,"alexsmobs:cooked_kangaroo_meat":15,"smarter_mobs:spider_web":2,"minecraft:dirt":51,"minecraft:lantern":4,"born_in_chaos_v1:monster_skin":2,"minecraft:bone":3,"minecraft:wheat_seeds":33,"biomesoplenty:palm_sapling":1,"minecraft:fletching_table":14,"minecraft:oak_planks":181,"iceandfire:dragon_skull_fire":2,"minecraft:sand":16,"iceandfire:stymphalian_bird_feather":4,"minecraft:polished_andesite":9,"alexsmobs:kangaroo_hide":12,"minecraft:crossbow":1,"minecraft:granite":5,"minecraft:emerald":7,"minecraft:chainmail_helmet":4,"biomesoplenty:pink_daffodil":3,"minecraft:oak_sapling":218,"born_in_chaos_v1:rotten_fish":6,"iceandfire:silver_nugget":2,"iceandfire:raw_silver":4,"minecraft:allium":10,"minecraft:sandstone_slab":2,"minecraft:stone_brick_wall":3,"minecraft:shield":4,"minecraft:oak_trapdoor":2,"minecraft:item_frame":4,"minecraft:iron_shovel":1,"minecraft:beef":10,"minecraft:oak_boat":3,"minecraft:player_head":1,"minecraft:lectern":70,"minecraft:sugar_cane":132,"minecraft:chest":1,"minecraft:birch_sapling":14,"minecraft:egg":2,"minecraft:raw_iron":12,"minecraft:copper_ingot":8,"minecraft:spruce_fence":2,"sophisticatedbackpacks:backpack":1,"minecraft:stone_button":23,"minecraft:carrot":4,"minecraft:dark_oak_planks":1,"mowziesmobs:umvuthana_mask_faith":1,"minecraft:arrow":6,"minecraft:beetroot_seeds":3,"minecraft:jungle_stairs":3,"minecraft:hay_block":135,"mowziesmobs:umvuthana_mask_bliss":3,"minecraft:gold_ingot":13,"alexsmobs:kangaroo_meat":15,"minecraft:stripped_oak_log":24,"born_in_chaos_v1:corpse_maggot":7,"minecraft:clock":2,"born_in_chaos_v1:monster_flesh":5,"minecraft:leather":13,"minecraft:filled_map":2,"minecraft:birch_planks":5,"minecraft:oak_log":435,"minecraft:chainmail_chestplate":1,"iceandfire:stymphalian_skull":2,"minecraft:apple":15,"minecraft:stone_bricks":2,"minecraft:iron_ingot":15,"minecraft:stripped_oak_wood":2,"mowziesmobs:umvuthana_mask_misery":2,"minecraft:book":131,"iceandfire:copper_nugget":91,"born_in_chaos_v1:ethereal_spirit":2,"minecraft:dripstone_block":5,"minecraft:gravel":84,"minecraft:birch_stairs":3,"born_in_chaos_v1:dark_rod":1,"minecraft:blast_furnace":2,"minecraft:white_bed":44,"minecraft:spruce_log":3,"minecraft:dark_oak_fence_gate":1,"minecraft:leather_helmet":1,"minecraft:slime_ball":2,"minecraft:iron_helmet":1,"minecraft:damaged_anvil":1,"minecraft:coal":159}},"DataVersion":3465}