{"stats":{"minecraft:custom":{"minecraft:mob_kills":7,"minecraft:interact_with_crafting_table":13,"minecraft:damage_dealt_resisted":9,"minecraft:time_since_death":4035,"minecraft:time_since_rest":4062,"minecraft:sprint_one_cm":52265,"minecraft:damage_taken":2410,"minecraft:walk_one_cm":69463,"minecraft:drop":10,"minecraft:damage_dealt":1098,"minecraft:swim_one_cm":253,"minecraft:fly_one_cm":117447,"minecraft:crouch_one_cm":13247,"minecraft:play_time":31991,"minecraft:deaths":9,"minecraft:sneak_time":4449,"minecraft:walk_under_water_one_cm":23394,"minecraft:boat_one_cm":20745,"minecraft:jump":714,"minecraft:walk_on_water_one_cm":4334,"minecraft:total_world_time":31991,"minecraft:fall_one_cm":25957},"minecraft:killed_by":{"minecraft:husk":1,"minecraft:skeleton":2,"minecraft:zombie":3,"born_in_chaos_v1:corpse_fly":1},"minecraft:used":{"minecraft:stone_sword":16,"minecraft:stone_pickaxe":36,"minecraft:oak_planks":4,"minecraft:torch":4,"minecraft:dirt":18,"simplytools:wooden_hammer":8,"minecraft:crafting_table":5,"minecraft:acacia_sapling":1,"minecraft:wooden_axe":105,"minecraft:apple":1,"simplytools:stone_hammer":205,"minecraft:gravel":2,"minecraft:stone_axe":2,"minecraft:cobblestone":100,"minecraft:oak_sapling":1,"simplytools:stone_excavator":5,"minecraft:oak_boat":1},"minecraft:killed":{"alexsmobs:seal":3,"born_in_chaos_v1:siamese_skeletonsright":1,"born_in_chaos_v1:corpse_fly":1,"born_in_chaos_v1:siamese_skeletonsleft":1},"minecraft:mined":{"iceandfire:silver_ore":5,"minecraft:granite":1,"minecraft:acacia_log":2,"minecraft:copper_ore":11,"minecraft:lapis_ore":2,"minecraft:iron_ore":5,"minecraft:grass":2,"minecraft:oak_log":106,"minecraft:coal_ore":38,"minecraft:gravel":10,"minecraft:dirt":3,"minecraft:stone":184,"minecraft:oak_leaves":1},"minecraft:dropped":{"minecraft:gravel":5,"simplytools:wooden_hammer":1,"minecraft:oak_planks":1,"minecraft:granite":1,"minecraft:wooden_axe":2,"minecraft:oak_sapling":8},"minecraft:crafted":{"minecraft:oak_planks":72,"simplytools:stone_excavator":1,"minecraft:crafting_table":5,"simplytools:wooden_hammer":1,"simplytools:stone_hammer_head":2,"minecraft:stone_axe":1,"minecraft:oak_boat":1,"simplytools:stone_hammer":2,"minecraft:stick":52,"minecraft:stone_pickaxe":1,"minecraft:wooden_axe":2,"minecraft:stone_sword":1,"simplytools:stone_excavator_head":1,"minecraft:acacia_planks":8,"minecraft:torch":8,"simplytools:wooden_hammer_head":1},"minecraft:picked_up":{"minecraft:wooden_axe":1,"minecraft:flint":1,"minecraft:oak_log":76,"minecraft:lapis_lazuli":15,"minecraft:dirt":18,"minecraft:raw_copper":34,"minecraft:apple":1,"minecraft:oak_boat":1,"minecraft:acacia_sapling":1,"minecraft:stick":3,"minecraft:raw_iron":5,"minecraft:acacia_log":2,"minecraft:gravel":9,"minecraft:rotten_flesh":1,"minecraft:granite":1,"minecraft:oak_sapling":9,"minecraft:coal":37,"iceandfire:raw_silver":3,"minecraft:cobblestone":164,"born_in_chaos_v1:fused_bone":2},"minecraft:broken":{"simplytools:stone_hammer":1,"minecraft:wooden_axe":1}},"DataVersion":3465}