{"stats":{"minecraft:picked_up":{"minecraft:wheat_seeds":9,"minecraft:dirt":27,"minecraft:sunflower":7},"minecraft:dropped":{"minecraft:sunflower":6,"minecraft:wheat_seeds":9},"minecraft:custom":{"minecraft:time_since_rest":2312,"minecraft:crouch_one_cm":3584,"minecraft:sprint_one_cm":20130,"minecraft:play_time":21299,"minecraft:deaths":2,"minecraft:damage_taken":590,"minecraft:walk_one_cm":32896,"minecraft:sneak_time":1351,"minecraft:drop":12,"minecraft:jump":319,"minecraft:leave_game":6,"minecraft:time_since_death":2271,"minecraft:total_world_time":21299,"minecraft:fall_one_cm":16299,"minecraft:fly_one_cm":35116},"minecraft:used":{"minecraft:dirt":27,"minecraft:sunflower":1},"minecraft:mined":{"minecraft:grass":51,"minecraft:grass_block":17,"minecraft:sunflower":3,"minecraft:dirt":10,"minecraft:tall_grass":26}},"DataVersion":3465}