{"stats":{"minecraft:custom":{"minecraft:interact_with_furnace":2,"minecraft:mob_kills":9,"minecraft:interact_with_crafting_table":8,"minecraft:leave_game":5,"minecraft:time_since_death":25586,"minecraft:sleep_in_bed":3,"minecraft:climb_one_cm":4445,"minecraft:time_since_rest":1069,"minecraft:sprint_one_cm":133896,"minecraft:damage_taken":1952,"minecraft:walk_one_cm":102300,"minecraft:damage_blocked_by_shield":60,"minecraft:drop":9,"minecraft:damage_dealt":2867,"minecraft:swim_one_cm":31659,"minecraft:fly_one_cm":301818,"minecraft:open_chest":28,"minecraft:crouch_one_cm":4767,"minecraft:play_time":40179,"minecraft:deaths":2,"minecraft:sneak_time":1720,"minecraft:walk_under_water_one_cm":2984,"minecraft:jump":985,"minecraft:walk_on_water_one_cm":17163,"minecraft:total_world_time":40179,"minecraft:fall_one_cm":27109},"minecraft:mined":{"smarter_mobs:spider_web":3,"minecraft:dead_bush":17,"minecraft:light_gray_bed":5,"minecraft:cobblestone":7,"minecraft:sugar_cane":55,"biomesoplenty:palm_log":12,"minecraft:hay_block":10,"minecraft:grass":2,"minecraft:oak_log":30,"minecraft:bookshelf":6,"minecraft:vine":1,"minecraft:stripped_oak_log":24,"minecraft:polished_andesite":9,"minecraft:oak_leaves":2},"minecraft:killed_by":{"alexsmobs:guster":1,"minecraft:iron_golem":1},"minecraft:killed":{"born_in_chaos_v1:dread_hound_not_despawn":2,"alexsmobs:rattlesnake":1,"alexsmobs:emu":2,"alexsmobs:kangaroo":4},"minecraft:crafted":{"minecraft:oak_planks":20,"minecraft:crafting_table":2,"simplytools:stone_hammer_head":1,"minecraft:stone_axe":1,"minecraft:bread":38,"minecraft:shield":2,"simplytools:stone_hammer":1,"minecraft:stone_pickaxe":1,"minecraft:stone_sword":1,"minecraft:wheat":81},"minecraft:used":{"minecraft:stone_sword":43,"minecraft:stone_pickaxe":7,"minecraft:cactus":1,"minecraft:shield":1,"minecraft:sand":15,"minecraft:crafting_table":2,"minecraft:chainmail_chestplate":1,"smarter_mobs:spider_web":2,"minecraft:bread":27,"simplytools:stone_hammer":9,"minecraft:stone_axe":93,"minecraft:cobblestone":8,"minecraft:oak_sapling":4,"alexsmobs:animal_dictionary":3,"minecraft:light_gray_bed":3},"minecraft:dropped":{"minecraft:wheat_seeds":1,"alexsmobs:emu_egg":1,"minecraft:polished_andesite":9,"born_in_chaos_v1:monster_flesh":2,"minecraft:shield":1,"minecraft:light_gray_bed":1,"biomesoplenty:palm_sapling":1,"minecraft:cactus":2},"minecraft:picked_up":{"minecraft:stripped_oak_log":24,"born_in_chaos_v1:monster_flesh":4,"minecraft:oak_log":30,"minecraft:chainmail_chestplate":1,"minecraft:shield":1,"smarter_mobs:spider_web":2,"born_in_chaos_v1:monster_skin":2,"minecraft:wheat_seeds":1,"alexsmobs:emu_feather":2,"minecraft:iron_ingot":5,"biomesoplenty:palm_sapling":1,"minecraft:sugar_cane":116,"minecraft:book":18,"minecraft:stick":17,"iceandfire:dragon_skull_fire":1,"minecraft:sand":15,"minecraft:arrow":1,"minecraft:polished_andesite":9,"alexsmobs:kangaroo_hide":6,"minecraft:cactus":3,"minecraft:light_gray_bed":5,"biomesoplenty:palm_log":12,"minecraft:hay_block":9,"alexsmobs:emu_egg":1,"minecraft:oak_sapling":4,"alexsmobs:kangaroo_meat":4,"minecraft:cobblestone":71}},"DataVersion":3465}