{"stats":{"minecraft:picked_up":{"minecraft:stick":11,"minecraft:arrow":1,"minecraft:hay_block":1,"minecraft:sand":15,"minecraft:sugar_cane":75},"minecraft:custom":{"minecraft:time_since_rest":3819,"minecraft:open_chest":9,"minecraft:crouch_one_cm":64,"minecraft:interact_with_furnace":1,"minecraft:play_time":3819,"minecraft:sprint_one_cm":20520,"minecraft:damage_taken":240,"minecraft:walk_one_cm":25497,"minecraft:sneak_time":10,"minecraft:walk_under_water_one_cm":358,"minecraft:jump":161,"minecraft:leave_game":1,"minecraft:time_since_death":3819,"minecraft:walk_on_water_one_cm":2302,"minecraft:climb_one_cm":106,"minecraft:total_world_time":3819,"minecraft:swim_one_cm":10747,"minecraft:fall_one_cm":3752,"minecraft:fly_one_cm":45062},"minecraft:used":{"minecraft:sand":14,"minecraft:bread":4,"alexsmobs:animal_dictionary":1},"minecraft:mined":{"minecraft:hay_block":1,"minecraft:dead_bush":8,"minecraft:sugar_cane":32}},"DataVersion":3465}