{"stats":{"minecraft:killed_by":{"minecraft:skeleton":1},"minecraft:custom":{"minecraft:time_since_rest":4791,"minecraft:sprint_one_cm":29097,"minecraft:damage_taken":965,"minecraft:walk_one_cm":38851,"minecraft:mob_kills":1,"minecraft:drop":9,"minecraft:damage_dealt":326,"minecraft:interact_with_crafting_table":11,"minecraft:swim_one_cm":77,"minecraft:fly_one_cm":58081,"minecraft:crouch_one_cm":7286,"minecraft:play_time":19991,"minecraft:deaths":3,"minecraft:sneak_time":3083,"minecraft:walk_under_water_one_cm":16586,"minecraft:jump":380,"minecraft:damage_dealt_resisted":9,"minecraft:time_since_death":4759,"minecraft:walk_on_water_one_cm":3688,"minecraft:total_world_time":19991,"minecraft:fall_one_cm":10732},"minecraft:used":{"minecraft:wooden_axe":105,"minecraft:stone_sword":2,"minecraft:apple":1,"minecraft:stone_pickaxe":20,"minecraft:oak_planks":4,"minecraft:stone_axe":2,"simplytools:stone_hammer":111,"minecraft:gravel":2,"minecraft:torch":3,"minecraft:dirt":18,"minecraft:cobblestone":25,"simplytools:wooden_hammer":8,"minecraft:crafting_table":3,"minecraft:oak_sapling":1,"simplytools:stone_excavator":2,"minecraft:acacia_sapling":1},"minecraft:mined":{"iceandfire:silver_ore":3,"minecraft:iron_ore":5,"minecraft:granite":1,"minecraft:grass":1,"minecraft:coal_ore":10,"minecraft:acacia_log":2,"minecraft:oak_log":106,"minecraft:gravel":7,"minecraft:dirt":3,"minecraft:copper_ore":11,"minecraft:lapis_ore":2,"minecraft:stone":105,"minecraft:oak_leaves":1},"minecraft:dropped":{"minecraft:gravel":1,"minecraft:wooden_axe":2,"minecraft:oak_sapling":8,"minecraft:oak_planks":1,"simplytools:wooden_hammer":1,"minecraft:granite":1},"minecraft:crafted":{"minecraft:oak_planks":48,"simplytools:stone_excavator":1,"simplytools:stone_hammer":1,"minecraft:crafting_table":3,"minecraft:stick":44,"minecraft:stone_pickaxe":1,"minecraft:wooden_axe":2,"minecraft:stone_sword":1,"simplytools:wooden_hammer":1,"simplytools:stone_excavator_head":1,"minecraft:acacia_planks":8,"minecraft:torch":8,"minecraft:stone_axe":1,"simplytools:stone_hammer_head":1,"simplytools:wooden_hammer_head":1},"minecraft:picked_up":{"minecraft:wooden_axe":1,"minecraft:stick":3,"minecraft:raw_iron":5,"minecraft:acacia_log":2,"minecraft:gravel":7,"minecraft:flint":1,"minecraft:oak_log":76,"minecraft:raw_copper":34,"minecraft:lapis_lazuli":15,"minecraft:dirt":18,"minecraft:apple":1,"minecraft:granite":1,"minecraft:oak_sapling":9,"minecraft:coal":10,"minecraft:acacia_sapling":1,"iceandfire:raw_silver":3,"minecraft:cobblestone":91},"minecraft:broken":{"minecraft:wooden_axe":1}},"DataVersion":3465}