{"stats":{"minecraft:custom":{"minecraft:mob_kills":8,"minecraft:interact_with_crafting_table":13,"minecraft:damage_dealt_resisted":9,"minecraft:leave_game":1,"minecraft:time_since_death":695,"minecraft:time_since_rest":712,"minecraft:sprint_one_cm":73102,"minecraft:damage_taken":3035,"minecraft:walk_one_cm":84823,"minecraft:drop":12,"minecraft:damage_dealt":1497,"minecraft:swim_one_cm":46043,"minecraft:fly_one_cm":165937,"minecraft:crouch_one_cm":13489,"minecraft:play_time":40890,"minecraft:deaths":11,"minecraft:sneak_time":4606,"minecraft:walk_under_water_one_cm":28040,"minecraft:boat_one_cm":20745,"minecraft:jump":902,"minecraft:walk_on_water_one_cm":8199,"minecraft:total_world_time":40890,"minecraft:fall_one_cm":33682},"minecraft:killed_by":{"minecraft:husk":1,"minecraft:skeleton":4,"minecraft:zombie":3,"born_in_chaos_v1:corpse_fly":1},"minecraft:used":{"minecraft:stone_sword":19,"minecraft:stone_pickaxe":43,"minecraft:oak_planks":4,"minecraft:torch":4,"minecraft:dirt":18,"simplytools:wooden_hammer":8,"born_in_chaos_v1:spiny_shell_trap":1,"minecraft:crafting_table":5,"minecraft:acacia_sapling":1,"minecraft:wooden_axe":105,"minecraft:apple":1,"simplytools:stone_hammer":290,"minecraft:gravel":2,"minecraft:stone_axe":6,"minecraft:cobblestone":100,"minecraft:oak_sapling":1,"simplytools:stone_excavator":69,"minecraft:oak_boat":1},"minecraft:killed":{"alexsmobs:seal":3,"born_in_chaos_v1:thornshell_crab":1,"born_in_chaos_v1:siamese_skeletonsright":1,"born_in_chaos_v1:corpse_fly":1,"born_in_chaos_v1:siamese_skeletonsleft":1},"minecraft:mined":{"iceandfire:silver_ore":6,"born_in_chaos_v1:spiny_shell_trap":1,"minecraft:granite":1,"minecraft:acacia_log":2,"minecraft:copper_ore":16,"minecraft:lapis_ore":2,"minecraft:iron_ore":7,"minecraft:grass":2,"minecraft:oak_log":106,"minecraft:coal_ore":71,"minecraft:gravel":74,"minecraft:dirt":3,"minecraft:stone":234,"minecraft:oak_leaves":1},"minecraft:dropped":{"minecraft:gravel":113,"minecraft:oak_planks":1,"simplytools:wooden_hammer":1,"minecraft:granite":1,"minecraft:wooden_axe":2,"minecraft:oak_sapling":8},"minecraft:crafted":{"minecraft:oak_planks":72,"simplytools:stone_excavator":1,"minecraft:crafting_table":5,"simplytools:wooden_hammer":1,"born_in_chaos_v1:spiny_shell_trap":1,"simplytools:stone_hammer_head":2,"minecraft:stone_axe":1,"minecraft:oak_boat":1,"simplytools:stone_hammer":2,"minecraft:stick":52,"minecraft:stone_pickaxe":1,"minecraft:wooden_axe":2,"minecraft:stone_sword":1,"simplytools:stone_excavator_head":1,"minecraft:acacia_planks":8,"minecraft:torch":8,"simplytools:wooden_hammer_head":1},"minecraft:picked_up":{"minecraft:wooden_axe":1,"born_in_chaos_v1:spiny_shell_trap":1,"minecraft:flint":7,"minecraft:oak_log":76,"minecraft:lapis_lazuli":15,"minecraft:dirt":18,"minecraft:raw_copper":52,"minecraft:bone":2,"minecraft:apple":1,"minecraft:oak_boat":1,"minecraft:acacia_sapling":1,"minecraft:stick":3,"minecraft:raw_iron":7,"iceandfire:dragonbone":2,"minecraft:acacia_log":2,"minecraft:gravel":115,"minecraft:rotten_flesh":1,"minecraft:granite":1,"born_in_chaos_v1:spiny_shell":2,"born_in_chaos_v1:rotten_fish":2,"minecraft:oak_sapling":9,"minecraft:coal":70,"iceandfire:raw_silver":4,"minecraft:cobblestone":215,"born_in_chaos_v1:fused_bone":2},"minecraft:broken":{"simplytools:stone_hammer":1,"minecraft:wooden_axe":1}},"DataVersion":3465}