{"stats":{"minecraft:killed_by":{"minecraft:skeleton":4,"minecraft:zombie":1,"born_in_chaos_v1:corpse_fish":2,"cave_dweller:cave_dweller":1},"minecraft:custom":{"minecraft:interact_with_furnace":20,"minecraft:mob_kills":16,"minecraft:interact_with_crafting_table":21,"minecraft:time_since_death":5879,"minecraft:time_since_rest":5908,"minecraft:sprint_one_cm":87278,"minecraft:damage_taken":4124,"minecraft:walk_one_cm":52154,"minecraft:damage_blocked_by_shield":960,"minecraft:drop":10,"minecraft:damage_dealt":2309,"minecraft:swim_one_cm":57703,"minecraft:fly_one_cm":184765,"minecraft:crouch_one_cm":16835,"minecraft:play_time":48314,"minecraft:deaths":13,"minecraft:sneak_time":7130,"minecraft:walk_under_water_one_cm":26771,"minecraft:jump":1062,"minecraft:walk_on_water_one_cm":38580,"minecraft:total_world_time":48314,"minecraft:interact_with_smoker":17,"minecraft:fall_one_cm":41877},"minecraft:used":{"minecraft:water_bucket":1,"minecraft:diorite":7,"minecraft:stone_pickaxe":70,"born_in_chaos_v1:smoked_fish":4,"minecraft:shield":16,"minecraft:wooden_pickaxe":30,"minecraft:dirt":12,"minecraft:crafting_table":7,"minecraft:tuff":2,"minecraft:smoker":4,"minecraft:wooden_axe":99,"born_in_chaos_v1:smoked_flesh":2,"minecraft:iron_axe":22,"minecraft:iron_pickaxe":98,"born_in_chaos_v1:smoked_monster_flesh":2,"minecraft:stone_axe":6,"minecraft:cobblestone":35,"minecraft:furnace":4,"minecraft:bucket":2,"minecraft:andesite":15,"minecraft:cobbled_deepslate":8,"minecraft:iron_leggings":1},"minecraft:killed":{"born_in_chaos_v1:restless_spirit":1,"minecraft:spider":2,"minecraft:creeper":1,"minecraft:skeleton":2,"minecraft:zombie":2,"born_in_chaos_v1:dread_hound":1,"born_in_chaos_v1:corpse_fly":2,"born_in_chaos_v1:corpse_fish":4,"alexsmobs:centipede_head":1},"minecraft:dropped":{"minecraft:wheat_seeds":2,"minecraft:tuff":3,"smarter_mobs:spider_web":1,"minecraft:dirt":1,"minecraft:wooden_axe":1,"born_in_chaos_v1:corpse_maggot":2,"minecraft:bone_meal":1,"minecraft:spider_eye":1,"minecraft:wooden_pickaxe":1},"minecraft:mined":{"minecraft:tuff":5,"minecraft:deepslate_diamond_ore":3,"minecraft:smoker":3,"biomesoplenty:wildflower":1,"biomesoplenty:desert_grass":1,"minecraft:crafting_table":6,"minecraft:grass_block":1,"minecraft:cobblestone":1,"minecraft:deepslate_gold_ore":1,"minecraft:diorite":10,"biomesoplenty:dune_grass":1,"minecraft:furnace":4,"minecraft:iron_ore":18,"minecraft:andesite":19,"minecraft:coal_ore":1,"minecraft:grass":1,"minecraft:oak_log":96,"minecraft:deepslate_iron_ore":25,"minecraft:dirt":6,"minecraft:stone":53,"minecraft:deepslate":47},"minecraft:crafted":{"minecraft:oak_planks":128,"born_in_chaos_v1:smoked_fish":4,"minecraft:crafting_table":2,"minecraft:wooden_pickaxe":1,"minecraft:furnace":3,"minecraft:bucket":1,"immersive_melodies:flute":1,"minecraft:stone_axe":1,"born_in_chaos_v1:smoked_monster_flesh":2,"minecraft:air":0,"minecraft:iron_boots":1,"minecraft:iron_chestplate":1,"minecraft:shield":1,"minecraft:iron_axe":1,"minecraft:stick":12,"born_in_chaos_v1:smoked_flesh":2,"minecraft:iron_ingot":33,"minecraft:iron_pickaxe":1,"minecraft:stone_pickaxe":1,"minecraft:wooden_axe":2,"minecraft:iron_leggings":1,"minecraft:smoker":2},"minecraft:picked_up":{"born_in_chaos_v1:corpse_maggot":2,"minecraft:crafting_table":6,"born_in_chaos_v1:monster_flesh":1,"minecraft:andesite":15,"minecraft:smoker":3,"minecraft:tuff":5,"minecraft:oak_log":96,"minecraft:gunpowder":2,"smarter_mobs:spider_web":4,"minecraft:dirt":13,"minecraft:string":2,"born_in_chaos_v1:monster_skin":1,"minecraft:bone":3,"minecraft:wheat_seeds":2,"minecraft:cobbled_deepslate":47,"minecraft:raw_gold":1,"minecraft:furnace":4,"minecraft:stick":7,"minecraft:raw_iron":41,"born_in_chaos_v1:ethereal_spirit":1,"minecraft:diorite":9,"minecraft:spider_eye":1,"minecraft:arrow":7,"minecraft:rotten_flesh":2,"minecraft:diamond":3,"minecraft:bone_meal":2,"born_in_chaos_v1:rotten_fish":4,"minecraft:oak_sapling":8,"minecraft:coal":1,"minecraft:cobblestone":49},"minecraft:broken":{"minecraft:wooden_axe":1}},"DataVersion":3465}