{"stats":{"minecraft:crafted":{"minecraft:wooden_sword":1,"minecraft:oak_planks":20,"minecraft:crafting_table":1,"minecraft:wooden_pickaxe":1,"minecraft:furnace":1,"minecraft:stone_axe":1,"minecraft:stick":8,"minecraft:stone_pickaxe":1,"minecraft:wooden_axe":1,"minecraft:stone_sword":1,"minecraft:acacia_planks":124,"minecraft:cooked_rabbit":1,"biomesoplenty:palm_planks":48},"minecraft:used":{"alexsmobs:emu_egg":2,"minecraft:stone_sword":9,"minecraft:stone_pickaxe":15,"minecraft:oak_planks":1,"minecraft:wooden_pickaxe":59,"minecraft:sandstone":3,"minecraft:rotten_flesh":2,"minecraft:dirt":2,"minecraft:sand":3,"minecraft:crafting_table":3,"minecraft:stone_brick_wall":14,"minecraft:redstone_torch":4,"biomesoplenty:palm_sapling":1,"minecraft:glass":1,"born_in_chaos_v1:corpse_maggot":1,"minecraft:stone_brick_slab":112,"minecraft:wooden_axe":50,"minecraft:lantern":18,"minecraft:grass_block":8,"minecraft:stone_slab":46,"minecraft:gravel":1,"minecraft:stone_brick_stairs":38,"biomesoplenty:palm_planks":29,"minecraft:stone_bricks":41,"minecraft:stone_axe":6,"minecraft:wooden_sword":100,"minecraft:glowstone":2,"minecraft:redstone_lamp":4,"minecraft:oak_sapling":7,"minecraft:furnace":1,"minecraft:cooked_rabbit":7,"minecraft:acacia_planks":2,"minecraft:bone_meal":29},"minecraft:broken":{"minecraft:wooden_pickaxe":1},"minecraft:killed_by":{"minecraft:husk":4,"man:managgresive":1,"born_in_chaos_v1:nightmare_stalker":1,"minecraft:spider":1,"alexsmobs:tarantula_hawk":1,"born_in_chaos_v1:corpse_fly":1},"minecraft:mined":{"minecraft:acacia_leaves":3,"biomesoplenty:orange_sand":3,"biomesoplenty:desert_grass":3,"minecraft:crafting_table":3,"minecraft:acacia_log":31,"minecraft:grass_block":2,"biomesoplenty:orange_sandstone":18,"minecraft:sandstone":3,"biomesoplenty:dune_grass":3,"biomesoplenty:palm_log":12,"minecraft:furnace":1,"minecraft:iron_ore":6,"minecraft:coal_ore":5,"minecraft:oak_log":5,"minecraft:gravel":2,"minecraft:sand":3,"minecraft:azalea_leaves":3,"minecraft:stone":36},"minecraft:dropped":{"alexsmobs:maggot":2,"minecraft:rotten_flesh":1,"born_in_chaos_v1:corpse_maggot":1},"minecraft:custom":{"minecraft:interact_with_furnace":2,"minecraft:mob_kills":31,"minecraft:interact_with_crafting_table":3,"minecraft:damage_dealt_resisted":1003,"minecraft:leave_game":3,"minecraft:time_since_death":1788,"minecraft:time_since_rest":1838,"minecraft:sprint_one_cm":106815,"minecraft:damage_taken":2891,"minecraft:walk_one_cm":144862,"minecraft:drop":3,"minecraft:damage_dealt":3598,"minecraft:swim_one_cm":4773,"minecraft:fly_one_cm":558560,"minecraft:crouch_one_cm":18256,"minecraft:play_time":76493,"minecraft:deaths":9,"minecraft:sneak_time":7255,"minecraft:walk_under_water_one_cm":5575,"minecraft:jump":967,"minecraft:walk_on_water_one_cm":4052,"minecraft:total_world_time":76493,"minecraft:fall_one_cm":19989},"minecraft:picked_up":{"born_in_chaos_v1:corpse_maggot":12,"minecraft:crafting_table":3,"minecraft:oak_log":5,"minecraft:dirt":2,"minecraft:string":2,"minecraft:bone":2,"minecraft:rabbit_hide":3,"biomesoplenty:palm_sapling":1,"minecraft:azalea":3,"minecraft:rabbit":7,"minecraft:oak_planks":3,"minecraft:acacia_sapling":1,"minecraft:raw_iron":6,"minecraft:furnace":1,"minecraft:sandstone":3,"minecraft:stick":3,"minecraft:acacia_log":31,"minecraft:gravel":1,"minecraft:sand":7,"minecraft:rabbit_foot":1,"alexsmobs:kangaroo_hide":1,"alexsmobs:guster_eye":1,"minecraft:rotten_flesh":5,"biomesoplenty:palm_log":12,"biomesoplenty:orange_sandstone":18,"alexsmobs:emu_egg":2,"alexsmobs:maggot":2,"minecraft:coal":5,"alexsmobs:kangaroo_meat":2,"biomesoplenty:orange_sand":3,"minecraft:cobblestone":36},"minecraft:killed":{"minecraft:husk":1,"alexsmobs:guster":2,"born_in_chaos_v1:swarmer":1,"minecraft:rabbit":7,"minecraft:spider":1,"minecraft:bat":4,"born_in_chaos_v1:maggot":2,"minecraft:skeleton":1,"born_in_chaos_v1:corpse_fly":7,"alexsmobs:hammerhead_shark":1,"alexsmobs:fly":2,"born_in_chaos_v1:door_knight":1,"alexsmobs:kangaroo":1}},"DataVersion":3465}