{"stats":{"minecraft:crafted":{"minecraft:wooden_sword":1,"minecraft:oak_planks":20,"minecraft:crafting_table":1,"minecraft:wooden_pickaxe":1,"alexsmobs:cooked_kangaroo_meat":2,"minecraft:furnace":1,"alexsmobs:boiled_emu_egg":1,"simplytools:stone_hammer_head":1,"minecraft:stone_axe":1,"minecraft:air":0,"simplytools:stone_hammer":1,"minecraft:stick":12,"minecraft:iron_ingot":6,"minecraft:stone_pickaxe":2,"minecraft:wooden_axe":1,"minecraft:stone_sword":1,"minecraft:acacia_planks":124,"minecraft:cooked_rabbit":7,"biomesoplenty:palm_planks":48},"minecraft:used":{"alexsmobs:emu_egg":2,"minecraft:stone_sword":100,"minecraft:stone_pickaxe":133,"minecraft:oak_planks":1,"minecraft:wooden_pickaxe":59,"minecraft:sandstone":30,"minecraft:rotten_flesh":2,"minecraft:dirt":2,"minecraft:sand":34,"minecraft:crafting_table":6,"alexsmobs:cooked_kangaroo_meat":2,"minecraft:stone_brick_wall":14,"minecraft:redstone_torch":4,"biomesoplenty:palm_sapling":1,"minecraft:glass":1,"born_in_chaos_v1:corpse_maggot":1,"minecraft:stone_brick_slab":112,"minecraft:wooden_axe":50,"minecraft:lantern":18,"minecraft:grass_block":8,"minecraft:stone_slab":46,"simplytools:stone_hammer":159,"minecraft:gravel":1,"minecraft:stone_brick_stairs":38,"biomesoplenty:palm_planks":29,"minecraft:stone_bricks":41,"minecraft:stone_axe":9,"minecraft:wooden_sword":100,"minecraft:glowstone":2,"minecraft:redstone_lamp":4,"minecraft:oak_sapling":7,"minecraft:furnace":3,"minecraft:cooked_rabbit":25,"minecraft:acacia_planks":2,"minecraft:bone_meal":29},"minecraft:killed_by":{"minecraft:husk":4,"man:managgresive":1,"alexsmobs:guster":1,"born_in_chaos_v1:nightmare_stalker":1,"minecraft:skeleton":4,"minecraft:spider":1,"minecraft:enderman":1,"alexsmobs:tarantula_hawk":2,"born_in_chaos_v1:corpse_fly":1},"minecraft:broken":{"minecraft:stone_pickaxe":1,"minecraft:wooden_pickaxe":1},"minecraft:mined":{"minecraft:acacia_leaves":3,"biomesoplenty:orange_sand":3,"biomesoplenty:desert_grass":3,"minecraft:crafting_table":6,"minecraft:granite":6,"minecraft:acacia_log":31,"minecraft:grass_block":2,"minecraft:dead_bush":1,"minecraft:copper_ore":5,"minecraft:moss_block":5,"biomesoplenty:orange_sandstone":18,"minecraft:diorite":32,"minecraft:sandstone":3,"biomesoplenty:dune_grass":3,"biomesoplenty:palm_log":12,"minecraft:furnace":3,"minecraft:iron_ore":35,"minecraft:andesite":5,"minecraft:grass":3,"minecraft:coal_ore":69,"minecraft:oak_log":5,"minecraft:gravel":2,"minecraft:sand":6,"minecraft:azalea_leaves":3,"minecraft:stone":163},"minecraft:dropped":{"minecraft:moss_block":5,"alexsmobs:maggot":2,"minecraft:stone_sword":1,"minecraft:rotten_flesh":5,"minecraft:granite":5,"minecraft:coal":2,"alexsmobs:kangaroo_hide":1,"minecraft:diorite":32,"minecraft:andesite":5,"minecraft:acacia_sapling":1,"minecraft:wooden_axe":1,"born_in_chaos_v1:corpse_maggot":5,"minecraft:wooden_sword":1,"minecraft:sand":10},"minecraft:custom":{"minecraft:interact_with_furnace":11,"minecraft:mob_kills":52,"minecraft:interact_with_crafting_table":6,"minecraft:damage_dealt_resisted":1019,"minecraft:leave_game":4,"minecraft:time_since_death":4684,"minecraft:time_since_rest":4711,"minecraft:sprint_one_cm":233805,"minecraft:damage_taken":5659,"minecraft:walk_one_cm":209152,"minecraft:drop":17,"minecraft:damage_dealt":7475,"minecraft:damage_dealt_absorbed":81,"minecraft:swim_one_cm":16269,"minecraft:fly_one_cm":980112,"minecraft:crouch_one_cm":25908,"minecraft:play_time":115384,"minecraft:deaths":16,"minecraft:sneak_time":11126,"minecraft:walk_under_water_one_cm":12560,"minecraft:jump":1835,"minecraft:walk_on_water_one_cm":23211,"minecraft:total_world_time":115384,"minecraft:fall_one_cm":45406},"minecraft:picked_up":{"born_in_chaos_v1:corpse_maggot":16,"minecraft:crafting_table":6,"minecraft:andesite":5,"minecraft:oak_log":5,"minecraft:gunpowder":2,"minecraft:dirt":2,"minecraft:string":2,"minecraft:raw_copper":14,"minecraft:bone":10,"minecraft:rabbit_hide":3,"biomesoplenty:palm_sapling":1,"minecraft:azalea":3,"minecraft:rabbit":7,"minecraft:moss_block":5,"minecraft:oak_planks":3,"minecraft:acacia_sapling":1,"minecraft:raw_iron":35,"minecraft:furnace":3,"minecraft:sandstone":17,"minecraft:stick":4,"minecraft:acacia_log":31,"minecraft:gravel":1,"minecraft:sand":47,"minecraft:diorite":32,"minecraft:arrow":5,"minecraft:stone_sword":1,"minecraft:rabbit_foot":1,"alexsmobs:kangaroo_hide":1,"alexsmobs:guster_eye":4,"minecraft:rotten_flesh":9,"biomesoplenty:palm_log":12,"biomesoplenty:orange_sandstone":18,"minecraft:granite":5,"alexsmobs:tarantula_hawk_wing_fragment":1,"alexsmobs:emu_egg":3,"alexsmobs:maggot":2,"minecraft:coal":147,"alexsmobs:kangaroo_meat":2,"biomesoplenty:orange_sand":3,"minecraft:cobblestone":162,"minecraft:ender_pearl":1},"minecraft:killed":{"minecraft:husk":2,"alexsmobs:guster":9,"alexsmobs:tarantula_hawk":1,"born_in_chaos_v1:swarmer":1,"minecraft:rabbit":7,"minecraft:spider":2,"minecraft:bat":4,"born_in_chaos_v1:decrepit_skeleton":4,"born_in_chaos_v1:maggot":2,"minecraft:skeleton":2,"minecraft:zombie":2,"born_in_chaos_v1:corpse_fly":9,"alexsmobs:hammerhead_shark":1,"alexsmobs:fly":2,"born_in_chaos_v1:door_knight":1,"alexsmobs:kangaroo":1,"minecraft:enderman":1}},"DataVersion":3465}