{"stats":{"minecraft:killed_by":{"minecraft:skeleton":3,"minecraft:zombie":1,"born_in_chaos_v1:corpse_fish":2},"minecraft:custom":{"minecraft:interact_with_furnace":12,"minecraft:mob_kills":10,"minecraft:interact_with_crafting_table":18,"minecraft:time_since_death":615,"minecraft:time_since_rest":651,"minecraft:sprint_one_cm":71165,"minecraft:damage_taken":3237,"minecraft:walk_one_cm":39485,"minecraft:damage_blocked_by_shield":330,"minecraft:drop":8,"minecraft:damage_dealt":1410,"minecraft:swim_one_cm":36857,"minecraft:fly_one_cm":150632,"minecraft:crouch_one_cm":16021,"minecraft:play_time":36314,"minecraft:deaths":11,"minecraft:sneak_time":6689,"minecraft:walk_under_water_one_cm":21964,"minecraft:jump":854,"minecraft:walk_on_water_one_cm":25480,"minecraft:total_world_time":36314,"minecraft:interact_with_smoker":4,"minecraft:fall_one_cm":34783},"minecraft:used":{"minecraft:diorite":7,"minecraft:stone_pickaxe":70,"minecraft:shield":9,"minecraft:wooden_pickaxe":30,"minecraft:dirt":12,"minecraft:crafting_table":5,"minecraft:smoker":1,"minecraft:wooden_axe":99,"minecraft:iron_axe":8,"minecraft:iron_pickaxe":55,"born_in_chaos_v1:smoked_monster_flesh":1,"minecraft:stone_axe":6,"minecraft:cobblestone":25,"minecraft:furnace":2,"minecraft:bucket":1,"minecraft:andesite":10,"minecraft:cobbled_deepslate":1},"minecraft:killed":{"born_in_chaos_v1:restless_spirit":1,"minecraft:spider":2,"minecraft:creeper":1,"minecraft:skeleton":2,"minecraft:zombie":1,"born_in_chaos_v1:dread_hound":1,"born_in_chaos_v1:corpse_fly":1,"alexsmobs:centipede_head":1},"minecraft:dropped":{"minecraft:wheat_seeds":2,"minecraft:tuff":3,"smarter_mobs:spider_web":1,"minecraft:dirt":1,"minecraft:wooden_axe":1,"born_in_chaos_v1:corpse_maggot":2,"minecraft:wooden_pickaxe":1},"minecraft:mined":{"minecraft:tuff":3,"minecraft:deepslate_diamond_ore":3,"minecraft:smoker":1,"biomesoplenty:wildflower":1,"biomesoplenty:desert_grass":1,"minecraft:crafting_table":4,"minecraft:grass_block":1,"minecraft:cobblestone":1,"minecraft:deepslate_gold_ore":1,"minecraft:diorite":10,"biomesoplenty:dune_grass":1,"minecraft:furnace":1,"minecraft:iron_ore":16,"minecraft:andesite":14,"minecraft:grass":1,"minecraft:oak_log":96,"minecraft:deepslate_iron_ore":15,"minecraft:dirt":6,"minecraft:stone":35,"minecraft:deepslate":47},"minecraft:crafted":{"minecraft:oak_planks":128,"minecraft:crafting_table":1,"minecraft:wooden_pickaxe":1,"minecraft:furnace":2,"minecraft:bucket":1,"immersive_melodies:flute":1,"minecraft:stone_axe":1,"born_in_chaos_v1:smoked_monster_flesh":1,"minecraft:air":0,"minecraft:iron_boots":1,"minecraft:iron_chestplate":1,"minecraft:shield":1,"minecraft:iron_axe":1,"minecraft:stick":12,"minecraft:iron_ingot":22,"minecraft:iron_pickaxe":1,"minecraft:stone_pickaxe":1,"minecraft:wooden_axe":2,"minecraft:smoker":1},"minecraft:picked_up":{"born_in_chaos_v1:corpse_maggot":2,"minecraft:crafting_table":4,"born_in_chaos_v1:monster_flesh":1,"minecraft:andesite":10,"minecraft:smoker":1,"minecraft:tuff":3,"minecraft:oak_log":96,"minecraft:gunpowder":2,"smarter_mobs:spider_web":3,"minecraft:dirt":13,"minecraft:string":2,"born_in_chaos_v1:monster_skin":1,"minecraft:bone":3,"minecraft:wheat_seeds":2,"minecraft:cobbled_deepslate":47,"minecraft:raw_gold":1,"minecraft:furnace":1,"minecraft:stick":7,"minecraft:raw_iron":29,"born_in_chaos_v1:ethereal_spirit":1,"minecraft:diorite":9,"minecraft:arrow":7,"minecraft:diamond":3,"born_in_chaos_v1:rotten_fish":2,"minecraft:oak_sapling":8,"minecraft:cobblestone":31},"minecraft:broken":{"minecraft:wooden_axe":1}},"DataVersion":3465}