{"stats":{"minecraft:custom":{"minecraft:mob_kills":82,"minecraft:interact_with_crafting_table":14,"minecraft:damage_dealt_resisted":1043,"minecraft:leave_game":6,"minecraft:time_since_death":37832,"minecraft:climb_one_cm":3221,"minecraft:sprint_one_cm":351013,"minecraft:walk_one_cm":279955,"minecraft:damage_blocked_by_shield":75,"minecraft:drop":43,"minecraft:damage_dealt_absorbed":81,"minecraft:play_time":168063,"minecraft:sneak_time":13141,"minecraft:deaths":30,"minecraft:walk_under_water_one_cm":25149,"minecraft:jump":3046,"minecraft:interact_with_blast_furnace":1,"minecraft:walk_on_water_one_cm":79717,"minecraft:total_world_time":168063,"minecraft:interact_with_furnace":25,"minecraft:sleep_in_bed":3,"minecraft:time_since_rest":1069,"minecraft:damage_taken":10824,"minecraft:damage_dealt":14561,"minecraft:fly_one_cm":1237712,"minecraft:swim_one_cm":53935,"minecraft:open_chest":23,"minecraft:crouch_one_cm":29772,"minecraft:fall_one_cm":101650},"minecraft:broken":{"minecraft:stone_sword":1,"minecraft:leather_chestplate":1,"minecraft:wooden_pickaxe":1,"minecraft:stone_pickaxe":1},"minecraft:mined":{"biomesoplenty:desert_grass":3,"minecraft:granite":6,"minecraft:acacia_log":31,"minecraft:grass_block":2,"minecraft:light_gray_bed":1,"biomesoplenty:orange_sandstone":18,"minecraft:moss_block":5,"minecraft:sandstone":9,"biomesoplenty:dune_grass":3,"minecraft:sandstone_stairs":2,"biomesoplenty:palm_log":12,"minecraft:hay_block":16,"minecraft:furnace":5,"minecraft:iron_ore":35,"minecraft:andesite":5,"minecraft:potted_cornflower":1,"minecraft:azalea_leaves":3,"minecraft:stone":167,"minecraft:bone_block":12,"minecraft:cut_sandstone":2,"minecraft:acacia_leaves":3,"biomesoplenty:orange_sand":3,"minecraft:crafting_table":6,"minecraft:dead_bush":1,"minecraft:copper_ore":5,"minecraft:sugar_cane":9,"minecraft:diorite":32,"minecraft:smooth_sandstone_slab":1,"minecraft:grass":5,"minecraft:oak_log":8,"minecraft:coal_ore":76,"minecraft:gravel":2,"minecraft:sand":8,"minecraft:oak_leaves":1},"minecraft:killed_by":{"minecraft:husk":4,"born_in_chaos_v1:nightmare_stalker":3,"minecraft:creeper":1,"minecraft:spider":1,"minecraft:enderman":2,"born_in_chaos_v1:corpse_fly":1,"born_in_chaos_v1:fallen_chaos_knight":1,"man:managgresive":1,"alexsmobs:guster":1,"minecraft:skeleton":12,"minecraft:zombie":1,"alexsmobs:tarantula_hawk":2},"minecraft:killed":{"born_in_chaos_v1:zombie_clown":1,"alexsmobs:tarantula_hawk":2,"born_in_chaos_v1:zombie_lumberjack":1,"minecraft:spider":3,"alexsmobs:rattlesnake":3,"born_in_chaos_v1:maggot":7,"minecraft:skeleton":2,"born_in_chaos_v1:corpse_fish":1,"alexsmobs:hammerhead_shark":1,"alexsmobs:kangaroo":2,"born_in_chaos_v1:fallen_chaos_knight":1,"minecraft:husk":5,"alexsmobs:guster":9,"born_in_chaos_v1:swarmer":1,"born_in_chaos_v1:spirit_guide_assistant":1,"minecraft:rabbit":8,"minecraft:iron_golem":1,"minecraft:bat":4,"born_in_chaos_v1:decrepit_skeleton":6,"minecraft:zombie":2,"born_in_chaos_v1:dread_hound":1,"born_in_chaos_v1:corpse_fly":10,"alexsmobs:roadrunner":1,"alexsmobs:fly":3,"born_in_chaos_v1:door_knight":3,"minecraft:enderman":2},"minecraft:crafted":{"minecraft:wooden_sword":2,"minecraft:oak_planks":32,"minecraft:furnace":1,"minecraft:iron_boots":1,"simplytools:stone_hammer":1,"minecraft:stone_pickaxe":2,"minecraft:cooked_rabbit":7,"minecraft:wheat":144,"minecraft:crafting_table":2,"minecraft:iron_helmet":1,"minecraft:wooden_pickaxe":1,"alexsmobs:cooked_kangaroo_meat":2,"minecraft:iron_sword":1,"alexsmobs:boiled_emu_egg":1,"simplytools:stone_hammer_head":1,"minecraft:stone_axe":1,"minecraft:bread":48,"minecraft:air":0,"minecraft:iron_chestplate":1,"minecraft:shield":1,"minecraft:stick":16,"minecraft:iron_ingot":35,"minecraft:iron_pickaxe":1,"minecraft:wooden_axe":1,"minecraft:stone_sword":1,"minecraft:iron_leggings":1,"minecraft:acacia_planks":124,"biomesoplenty:palm_planks":48},"minecraft:used":{"alexsmobs:emu_egg":3,"minecraft:stone_sword":129,"minecraft:shield":1,"minecraft:iron_sword":51,"minecraft:rotten_flesh":2,"minecraft:dirt":2,"alexsmobs:cooked_kangaroo_meat":2,"minecraft:stone_brick_slab":112,"born_in_chaos_v1:corpse_maggot":1,"minecraft:glass":1,"biomesoplenty:palm_sapling":1,"minecraft:wooden_axe":50,"minecraft:lantern":18,"minecraft:grass_block":8,"minecraft:iron_boots":1,"minecraft:stone_brick_stairs":38,"minecraft:stone_bricks":41,"minecraft:glowstone":2,"minecraft:redstone_lamp":4,"minecraft:oak_sapling":7,"minecraft:furnace":4,"minecraft:acacia_planks":2,"minecraft:light_gray_bed":1,"minecraft:iron_leggings":1,"alexsmobs:boiled_emu_egg":1,"minecraft:stone_pickaxe":156,"minecraft:oak_planks":1,"minecraft:smooth_sandstone_slab":1,"minecraft:leather_chestplate":1,"minecraft:wooden_pickaxe":59,"minecraft:sandstone":33,"minecraft:cut_sandstone":1,"minecraft:sand":37,"minecraft:crafting_table":8,"minecraft:stone_brick_wall":14,"minecraft:redstone_torch":4,"minecraft:flower_pot":1,"minecraft:bread":14,"minecraft:iron_pickaxe":13,"minecraft:stone_slab":46,"simplytools:stone_hammer":162,"minecraft:gravel":1,"biomesoplenty:palm_planks":29,"minecraft:stone_axe":69,"minecraft:wooden_sword":135,"minecraft:cooked_rabbit":40,"minecraft:bone_meal":29},"minecraft:dropped":{"minecraft:iron_ingot":5,"minecraft:moss_block":5,"minecraft:cobblestone":64,"minecraft:granite":5,"minecraft:coal":2,"born_in_chaos_v1:monster_flesh":3,"minecraft:diorite":32,"minecraft:wooden_axe":1,"minecraft:rabbit":1,"minecraft:cut_sandstone":1,"born_in_chaos_v1:fused_bone":2,"biomesoplenty:palm_sapling":1,"minecraft:wooden_sword":1,"minecraft:sand":13,"minecraft:cactus":2,"minecraft:birch_log":2,"minecraft:bone":2,"alexsmobs:maggot":2,"minecraft:stone_sword":1,"born_in_chaos_v1:rotten_fish":1,"minecraft:rotten_flesh":12,"minecraft:oak_planks":6,"smarter_mobs:spider_web":1,"alexsmobs:kangaroo_hide":1,"minecraft:andesite":5,"born_in_chaos_v1:corpse_maggot":7,"minecraft:oak_sapling":1,"minecraft:acacia_sapling":1,"minecraft:spider_eye":1,"minecraft:sandstone":2,"minecraft:cooked_rabbit":1,"biomesoplenty:palm_planks":19},"minecraft:picked_up":{"minecraft:crafting_table":6,"minecraft:flower_pot":1,"born_in_chaos_v1:seedof_chaos":1,"minecraft:cooked_rabbit":1,"minecraft:cornflower":1,"minecraft:string":2,"minecraft:raw_copper":14,"minecraft:azalea":3,"born_in_chaos_v1:stimulating_decoction":2,"minecraft:sugar_cane":22,"iceandfire:dragonbone":12,"minecraft:furnace":5,"minecraft:stick":6,"minecraft:raw_iron":35,"minecraft:sandstone":23,"minecraft:acacia_log":31,"minecraft:diorite":32,"born_in_chaos_v1:pieceofdarkmetal":3,"minecraft:rabbit_foot":1,"minecraft:smooth_sandstone_slab":1,"minecraft:cactus":2,"minecraft:light_gray_bed":2,"minecraft:stone_sword":1,"minecraft:arrow":5,"minecraft:rotten_flesh":28,"biomesoplenty:palm_log":12,"biomesoplenty:orange_sandstone":18,"minecraft:hay_block":16,"minecraft:sandstone_stairs":2,"alexsmobs:emu_egg":4,"minecraft:bone_block":12,"alexsmobs:kangaroo_meat":5,"biomesoplenty:orange_sand":3,"minecraft:cobblestone":166,"born_in_chaos_v1:fused_bone":3,"minecraft:birch_log":2,"born_in_chaos_v1:corpse_maggot":18,"minecraft:leather_chestplate":1,"born_in_chaos_v1:monster_flesh":3,"minecraft:andesite":6,"minecraft:cut_sandstone":2,"minecraft:oak_log":8,"minecraft:gunpowder":2,"minecraft:dirt":2,"smarter_mobs:spider_web":1,"born_in_chaos_v1:monster_skin":1,"minecraft:bone":13,"minecraft:acacia_planks":1,"minecraft:rabbit_hide":3,"biomesoplenty:palm_sapling":2,"minecraft:rabbit":8,"minecraft:moss_block":5,"minecraft:oak_planks":3,"minecraft:acacia_sapling":1,"born_in_chaos_v1:ethereal_spirit":1,"minecraft:gravel":1,"born_in_chaos_v1:dark_rod":2,"minecraft:sand":73,"minecraft:spider_eye":1,"alexsmobs:kangaroo_hide":1,"alexsmobs:guster_eye":4,"alexsmobs:rattlesnake_rattle":1,"minecraft:granite":5,"alexsmobs:tarantula_hawk_wing_fragment":1,"alexsmobs:maggot":2,"born_in_chaos_v1:rotten_fish":1,"minecraft:oak_sapling":1,"minecraft:coal":154,"minecraft:ender_pearl":1}},"DataVersion":3465}