{"stats":{"minecraft:killed_by":{"minecraft:skeleton":2},"minecraft:custom":{"minecraft:time_since_rest":2553,"minecraft:sprint_one_cm":26322,"minecraft:damage_taken":1580,"minecraft:walk_one_cm":15445,"minecraft:mob_kills":5,"minecraft:drop":5,"minecraft:damage_dealt":555,"minecraft:swim_one_cm":5044,"minecraft:interact_with_crafting_table":6,"minecraft:fly_one_cm":45931,"minecraft:crouch_one_cm":6140,"minecraft:play_time":12314,"minecraft:deaths":4,"minecraft:sneak_time":2794,"minecraft:walk_under_water_one_cm":8324,"minecraft:jump":300,"minecraft:time_since_death":2527,"minecraft:walk_on_water_one_cm":3668,"minecraft:total_world_time":12314,"minecraft:fall_one_cm":15802},"minecraft:used":{"minecraft:wooden_axe":99,"minecraft:stone_pickaxe":28,"minecraft:wooden_pickaxe":30,"minecraft:stone_axe":3,"minecraft:dirt":4,"minecraft:cobblestone":21,"minecraft:crafting_table":4,"minecraft:andesite":4},"minecraft:killed":{"minecraft:skeleton":1,"born_in_chaos_v1:dread_hound":1,"born_in_chaos_v1:corpse_fly":1,"minecraft:spider":1,"minecraft:creeper":1},"minecraft:mined":{"minecraft:iron_ore":10,"biomesoplenty:wildflower":1,"biomesoplenty:desert_grass":1,"minecraft:andesite":13,"minecraft:crafting_table":4,"minecraft:grass":1,"minecraft:grass_block":1,"minecraft:oak_log":96,"minecraft:dirt":6,"minecraft:stone":27,"biomesoplenty:dune_grass":1},"minecraft:dropped":{"minecraft:wheat_seeds":2,"minecraft:wooden_axe":1,"born_in_chaos_v1:corpse_maggot":2,"minecraft:wooden_pickaxe":1},"minecraft:crafted":{"minecraft:oak_planks":128,"minecraft:crafting_table":1,"minecraft:stick":4,"minecraft:wooden_pickaxe":1,"minecraft:stone_pickaxe":1,"minecraft:wooden_axe":2,"minecraft:stone_axe":1},"minecraft:picked_up":{"born_in_chaos_v1:corpse_maggot":2,"minecraft:raw_iron":10,"minecraft:stick":7,"minecraft:crafting_table":4,"minecraft:andesite":9,"minecraft:oak_log":96,"minecraft:gunpowder":2,"minecraft:string":1,"minecraft:dirt":13,"minecraft:bone":2,"minecraft:arrow":2,"minecraft:wheat_seeds":2,"minecraft:oak_sapling":8,"minecraft:cobblestone":27},"minecraft:broken":{"minecraft:wooden_axe":1}},"DataVersion":3465}