{"stats":{"minecraft:custom":{"minecraft:interact_with_crafting_table":59,"minecraft:open_barrel":64,"minecraft:leave_game":7,"minecraft:time_since_death":11726,"minecraft:sprint_one_cm":1005267,"minecraft:damage_blocked_by_shield":4440,"minecraft:drop":151,"minecraft:play_noteblock":3,"minecraft:talked_to_villager":103,"minecraft:play_time":421669,"minecraft:deaths":86,"minecraft:jump":8611,"minecraft:interact_with_brewingstand":2,"minecraft:walk_on_water_one_cm":112496,"minecraft:interact_with_furnace":60,"minecraft:traded_with_villager":41,"minecraft:sleep_in_bed":26,"minecraft:damage_dealt":34928,"minecraft:player_kills":1,"minecraft:crouch_one_cm":84301,"minecraft:horse_one_cm":74074,"minecraft:mob_kills":157,"minecraft:damage_dealt_resisted":1123,"minecraft:climb_one_cm":9030,"minecraft:walk_one_cm":981688,"minecraft:damage_dealt_absorbed":81,"minecraft:sneak_time":30343,"minecraft:walk_under_water_one_cm":63572,"minecraft:interact_with_blast_furnace":2,"minecraft:total_world_time":421669,"minecraft:time_since_rest":11761,"minecraft:damage_absorbed":41,"minecraft:damage_taken":36884,"minecraft:trigger_trapped_chest":1,"minecraft:swim_one_cm":69313,"minecraft:fly_one_cm":2473172,"minecraft:open_chest":63,"minecraft:fall_one_cm":270286},"minecraft:broken":{"minecraft:iron_boots":2,"minecraft:iron_chestplate":1,"minecraft:iron_leggings":1,"minecraft:stone_pickaxe":1,"mowziesmobs:umvuthana_mask_fury":1,"minecraft:stone_axe":5,"minecraft:iron_sword":1,"morevanillashields:obsidian_shield":1,"minecraft:stone_sword":1,"minecraft:leather_chestplate":1,"minecraft:wooden_pickaxe":1,"minecraft:iron_axe":1,"simplytools:iron_hammer":1,"minecraft:iron_pickaxe":1,"minecraft:iron_helmet":1},"minecraft:mined":{"minecraft:dark_oak_planks":12,"minecraft:white_bed":3,"minecraft:cherry_log":158,"minecraft:red_nether_bricks":4,"mowziesmobs:clawed_log":1,"minecraft:brewing_stand":1,"minecraft:granite":6,"minecraft:acacia_log":31,"minecraft:grass_block":19,"minecraft:light_gray_bed":12,"minecraft:oak_pressure_plate":3,"minecraft:coal_block":12,"biomesoplenty:orange_sandstone":18,"minecraft:sandstone_stairs":2,"biomesoplenty:palm_log":12,"minecraft:spawner":7,"minecraft:smooth_stone":9,"minecraft:iron_ore":76,"minecraft:fire":2,"biomesoplenty:violet":1,"minecraft:brown_bed":1,"minecraft:iron_bars":3,"minecraft:black_candle":1,"minecraft:potted_cornflower":1,"minecraft:azalea_leaves":3,"minecraft:stripped_mangrove_wood":4,"minecraft:player_head":1,"minecraft:jungle_trapdoor":2,"minecraft:cut_sandstone":2,"minecraft:note_block":3,"minecraft:clay":1,"minecraft:torch":1,"minecraft:jungle_stairs":1,"minecraft:calcite":2,"minecraft:dead_bush":1,"minecraft:cyan_bed":3,"minecraft:cobblestone":82,"minecraft:oak_planks":10,"minecraft:grindstone":1,"minecraft:sugar_cane":9,"minecraft:damaged_anvil":2,"minecraft:smooth_sandstone_slab":1,"minecraft:wall_torch":1,"minecraft:pink_petals":1,"minecraft:skeleton_skull":1,"minecraft:white_terracotta":4,"minecraft:birch_log":29,"minecraft:lilac":1,"minecraft:grass":32,"minecraft:oak_log":304,"minecraft:sand":11,"minecraft:dirt":51,"minecraft:oak_leaves":11,"iceandfire:silver_ore":10,"biomesoplenty:desert_grass":5,"biomesoplenty:bush":2,"minecraft:stripped_jungle_wood":31,"minecraft:redstone_wire":10,"minecraft:moss_block":5,"minecraft:sandstone":9,"biomesoplenty:dune_grass":3,"minecraft:large_fern":1,"minecraft:hay_block":65,"minecraft:furnace":9,"minecraft:acacia_wood":1,"minecraft:andesite":6,"biomesoplenty:high_grass":1,"minecraft:vine":1,"minecraft:stripped_oak_log":1,"minecraft:stone":682,"minecraft:bone_block":12,"minecraft:acacia_leaves":3,"minecraft:mangrove_stairs":1,"smarter_mobs:spider_web":1,"biomesoplenty:orange_sand":3,"minecraft:oak_fence":1,"minecraft:crafting_table":17,"minecraft:rose_bush":1,"biomesoplenty:high_grass_plant":1,"minecraft:lectern":66,"minecraft:tall_grass":3,"minecraft:copper_ore":5,"minecraft:diorite":32,"iceandfire:ash":4,"minecraft:mangrove_planks":1,"minecraft:red_wall_banner":2,"minecraft:coal_ore":167,"minecraft:gravel":2,"minecraft:dripstone_block":1,"minecraft:gray_carpet":1,"minecraft:cobweb":4,"minecraft:acacia_planks":15,"minecraft:stone_bricks":4,"minecraft:gold_ore":1},"minecraft:killed_by":{"born_in_chaos_v1:nightmare_stalker":3,"minecraft:creeper":1,"mowziesmobs:umvuthana_follower_raptor":1,"born_in_chaos_v1:baby_skeleton":1,"born_in_chaos_v1:corpse_fly":1,"mowziesmobs:umvuthi":8,"man:managgresive":1,"mowziesmobs:umvuthana":1,"minecraft:zombie":3,"iceandfire:fire_dragon":1,"minecraft:husk":5,"minecraft:player":1,"minecraft:spider":1,"minecraft:enderman":2,"iceandfire:hydra":4,"born_in_chaos_v1:fallen_chaos_knight":1,"mowziesmobs:ferrous_wroughtnaut":18,"alexsmobs:guster":1,"minecraft:skeleton":22,"iceandfire:lightning_dragon":3,"alexsmobs:tarantula_hawk":2,"iceandfire:ghost":2,"mowziesmobs:umvuthana_raptor":1},"minecraft:crafted":{"minecraft:oak_planks":908,"hangglider:hang_glider":1,"simplytools:iron_hammer_head":1,"minecraft:diamond_leggings":1,"minecraft:iron_boots":9,"sophisticatedbackpacks:copper_backpack":1,"simplytools:stone_hammer":1,"minecraft:chest":1,"minecraft:cooked_rabbit":7,"minecraft:emerald":39,"sophisticatedbackpacks:backpack":1,"minecraft:crafting_table":6,"minecraft:wooden_pickaxe":1,"minecraft:iron_helmet":2,"minecraft:copper_ingot":12,"minecraft:birch_planks":20,"simplytools:iron_hammer":1,"minecraft:iron_chestplate":2,"minecraft:shield":4,"morevanillashields:obsidian_shield":1,"minecraft:stick":1280,"minecraft:iron_ingot":70,"minecraft:iron_pickaxe":3,"minecraft:stone_sword":1,"minecraft:gold_ingot":1,"iceandfire:stymphalian_feather_bundle":2,"biomesoplenty:palm_planks":48,"hangglider:glider_framework":1,"minecraft:cherry_planks":60,"minecraft:wooden_sword":2,"minecraft:coal":27,"minecraft:furnace":1,"immersive_melodies:flute":1,"hangglider:glider_wing":2,"minecraft:iron_axe":1,"minecraft:stone_pickaxe":2,"minecraft:diamond_boots":1,"minecraft:wheat":441,"sophisticatedbackpacks:iron_backpack":1,"alexsmobs:cooked_kangaroo_meat":2,"minecraft:iron_sword":1,"alexsmobs:boiled_emu_egg":1,"sophisticatedbackpacks:gold_backpack":1,"minecraft:bucket":2,"simplytools:stone_hammer_head":1,"minecraft:stone_axe":5,"minecraft:bread":150,"minecraft:air":0,"minecraft:wooden_axe":1,"minecraft:iron_leggings":4,"minecraft:white_bed":1,"minecraft:acacia_planks":124,"minecraft:torch":8},"minecraft:killed":{"born_in_chaos_v1:zombie_clown":1,"born_in_chaos_v1:zombie_lumberjack":1,"born_in_chaos_v1:skeleton_demoman":1,"minecraft:spider":8,"iceandfire:stymphalian_bird":5,"minecraft:skeleton":15,"alexsmobs:hammerhead_shark":1,"born_in_chaos_v1:firelight_not_despawn":1,"alexsmobs:kangaroo":2,"minecraft:iron_golem":1,"minecraft:creeper":2,"minecraft:zombie":4,"born_in_chaos_v1:dread_hound":1,"born_in_chaos_v1:corpse_fly":11,"alexsmobs:roadrunner":1,"alexsmobs:fly":4,"born_in_chaos_v1:door_knight":3,"mowziesmobs:umvuthana_raptor":1,"minecraft:cow":12,"alexsmobs:tarantula_hawk":2,"born_in_chaos_v1:zombie_clown_not_despawn":1,"alexsmobs:rattlesnake":3,"born_in_chaos_v1:maggot":10,"born_in_chaos_v1:corpse_fish":1,"iceandfire:deathworm":1,"mowziesmobs:umvuthana":3,"born_in_chaos_v1:spiritof_chaos":1,"born_in_chaos_v1:fallen_chaos_knight":1,"born_in_chaos_v1:spirit_guide":1,"minecraft:husk":9,"alexsmobs:guster":9,"born_in_chaos_v1:baby_skeleton":2,"born_in_chaos_v1:swarmer":1,"born_in_chaos_v1:spirit_guide_assistant":3,"minecraft:rabbit":8,"minecraft:bat":4,"mowziesmobs:umvuthana_follower_raptor":9,"born_in_chaos_v1:decrepit_skeleton":8,"iceandfire:ghost":1,"minecraft:enderman":2},"minecraft:used":{"alexsmobs:emu_egg":3,"minecraft:poppy":1,"minecraft:shield":80,"minecraft:iron_sword":400,"morevanillashields:obsidian_shield":19,"minecraft:rotten_flesh":2,"minecraft:iron_chestplate":1,"biomesoplenty:palm_sapling":1,"minecraft:glass":1,"iceandfire:cannoli":1,"born_in_chaos_v1:corpse_maggot":1,"minecraft:lantern":19,"minecraft:grass_block":8,"minecraft:iron_helmet":1,"minecraft:stone_brick_stairs":38,"minecraft:stone_bricks":41,"minecraft:redstone_lamp":4,"minecraft:bow":10,"minecraft:hay_block":7,"minecraft:oak_sapling":8,"minecraft:furnace":9,"minecraft:damaged_anvil":2,"minecraft:diamond_boots":1,"minecraft:stone_pickaxe":156,"minecraft:mangrove_planks":1,"minecraft:oak_planks":258,"minecraft:wooden_pickaxe":59,"minecraft:leather_chestplate":1,"minecraft:sandstone":33,"minecraft:golden_apple":1,"minecraft:stripped_mangrove_wood":3,"minecraft:sand":39,"minecraft:stone_brick_wall":14,"born_in_chaos_v1:holiday_candy":9,"minecraft:dripstone_block":6,"minecraft:redstone_torch":4,"minecraft:cyan_bed":2,"minecraft:bread":155,"minecraft:lectern":66,"minecraft:red_terracotta":2,"minecraft:oak_pressure_plate":1,"minecraft:gravel":1,"minecraft:wooden_sword":135,"minecraft:cooked_rabbit":40,"minecraft:bone_meal":29,"minecraft:iron_bars":2,"minecraft:stone_sword":129,"minecraft:torch":12,"minecraft:dirt":21,"alexsmobs:cooked_kangaroo_meat":2,"minecraft:dark_oak_planks":3,"minecraft:stone_brick_slab":112,"minecraft:wooden_axe":50,"minecraft:iron_axe":242,"minecraft:iron_boots":3,"simplytools:iron_hammer":376,"minecraft:glowstone":2,"biomesoplenty:violet":1,"minecraft:light_gray_bed":16,"alexsmobs:boiled_emu_egg":1,"minecraft:brown_bed":1,"minecraft:iron_leggings":2,"minecraft:acacia_planks":48,"minecraft:calcite":2,"alexsmobs:cooked_catfish":1,"minecraft:water_bucket":50,"minecraft:red_nether_bricks":4,"minecraft:smooth_sandstone_slab":1,"minecraft:cut_sandstone":1,"minecraft:crafting_table":21,"minecraft:white_bed":4,"minecraft:painting":1,"minecraft:flower_pot":1,"minecraft:iron_pickaxe":479,"minecraft:jungle_stairs":1,"minecraft:stone_slab":46,"simplytools:stone_hammer":162,"biomesoplenty:palm_planks":29,"minecraft:stone_axe":646,"minecraft:cobblestone":354,"mowziesmobs:umvuthana_mask_fury":1,"minecraft:bucket":51,"minecraft:diamond_leggings":1},"minecraft:dropped":{"minecraft:moss_block":5,"minecraft:birch_planks":16,"minecraft:oak_pressure_plate":2,"minecraft:emerald":1,"born_in_chaos_v1:monster_flesh":3,"minecraft:dirt":14,"minecraft:stone_button":9,"mowziesmobs:umvuthana_mask_bliss":2,"minecraft:cut_sandstone":1,"minecraft:mangrove_stairs":1,"minecraft:wooden_sword":1,"minecraft:jungle_sign":6,"biomesoplenty:palm_sapling":1,"minecraft:sand":14,"minecraft:dark_oak_planks":4,"minecraft:birch_log":2,"minecraft:bone":4,"minecraft:gravel":1,"minecraft:stone_axe":1,"mowziesmobs:umvuthana_mask_rage":1,"born_in_chaos_v1:fire_dust":1,"minecraft:stripped_jungle_wood":1,"minecraft:birch_sapling":4,"minecraft:obsidian":1,"born_in_chaos_v1:ethereal_spirit":1,"minecraft:rotten_flesh":18,"minecraft:oak_planks":6,"minecraft:jungle_trapdoor":1,"smarter_mobs:spider_web":3,"alexsmobs:kangaroo_hide":1,"minecraft:rabbit_hide":3,"minecraft:gunpowder":4,"minecraft:jungle_stairs":2,"born_in_chaos_v1:corpse_maggot":8,"minecraft:acacia_sapling":1,"minecraft:iron_bars":1,"minecraft:arrow":2,"minecraft:beef":2,"mowziesmobs:umvuthana_mask_fury":1,"minecraft:iron_ingot":12,"minecraft:wheat_seeds":7,"minecraft:clock":1,"minecraft:lilac":1,"minecraft:oak_fence":1,"minecraft:iron_helmet":1,"minecraft:feather":10,"minecraft:cobblestone":66,"alexsmobs:rattlesnake_rattle":1,"minecraft:apple":4,"minecraft:granite":5,"minecraft:copper_ingot":11,"iceandfire:cyclops_eye":1,"minecraft:acacia_log":1,"minecraft:chainmail_helmet":1,"minecraft:coal":4,"minecraft:stick":2,"minecraft:diorite":32,"minecraft:brewing_stand":1,"iceandfire:copper_nugget":2,"minecraft:torch":1,"minecraft:wooden_axe":1,"minecraft:rose_bush":1,"minecraft:rabbit":1,"born_in_chaos_v1:fused_bone":2,"born_in_chaos_v1:stimulating_decoction":5,"minecraft:gray_carpet":1,"iceandfire:cannoli":1,"minecraft:cactus":2,"minecraft:smooth_stone":5,"minecraft:string":8,"simplytools:stone_hammer":1,"iceandfire:dragonbone":59,"minecraft:acacia_planks":26,"minecraft:dandelion":1,"minecraft:redstone":10,"alexsmobs:maggot":4,"minecraft:stone_sword":1,"alexsmobs:tarantula_hawk_wing_fragment":1,"minecraft:experience_bottle":1,"born_in_chaos_v1:rotten_fish":1,"minecraft:clay_ball":4,"minecraft:white_terracotta":4,"minecraft:filled_map":1,"minecraft:hay_block":10,"minecraft:shield":2,"minecraft:iron_chestplate":1,"mowziesmobs:clawed_log":2,"minecraft:andesite":8,"minecraft:oak_sapling":28,"minecraft:stone_bricks":4,"minecraft:spider_eye":2,"minecraft:sandstone":2,"minecraft:bow":1,"minecraft:cooked_rabbit":1,"biomesoplenty:palm_planks":19},"minecraft:picked_up":{"minecraft:wheat":16,"minecraft:chainmail_boots":12,"minecraft:flower_pot":1,"minecraft:brown_bed":1,"biomesoplenty:violet":1,"minecraft:brewing_stand":1,"minecraft:string":19,"minecraft:raw_copper":26,"minecraft:red_nether_bricks":4,"minecraft:iron_leggings":2,"minecraft:experience_bottle":1,"minecraft:smooth_stone":5,"minecraft:rose_bush":2,"minecraft:calcite":2,"minecraft:azalea":3,"born_in_chaos_v1:stimulating_decoction":5,"minecraft:coal_block":12,"minecraft:iron_boots":8,"minecraft:furnace":9,"minecraft:stick":108,"minecraft:oak_fence":1,"minecraft:torch":5,"minecraft:acacia_log":32,"minecraft:cherry_log":157,"minecraft:diorite":32,"minecraft:rabbit_foot":1,"minecraft:stone_sword":1,"minecraft:cactus":2,"minecraft:mangrove_stairs":1,"minecraft:light_gray_bed":16,"minecraft:rotten_flesh":34,"biomesoplenty:palm_log":12,"alexsmobs:emu_egg":4,"minecraft:white_terracotta":4,"minecraft:iron_bars":3,"minecraft:cobblestone":750,"minecraft:birch_log":31,"minecraft:pink_petals":3,"minecraft:leather_chestplate":1,"minecraft:lilac":1,"minecraft:feather":12,"minecraft:andesite":9,"smarter_mobs:spider_web":3,"minecraft:dirt":92,"minecraft:lantern":1,"born_in_chaos_v1:monster_skin":1,"minecraft:bone":35,"minecraft:acacia_planks":37,"minecraft:bow":3,"minecraft:wheat_seeds":8,"minecraft:raw_gold":1,"minecraft:grindstone":1,"biomesoplenty:palm_sapling":2,"minecraft:rabbit":8,"minecraft:moss_block":5,"minecraft:oak_planks":14,"minecraft:oak_pressure_plate":3,"iceandfire:dragon_skull_fire":2,"minecraft:sand":76,"iceandfire:stymphalian_bird_feather":20,"minecraft:cyan_bed":2,"alexsmobs:kangaroo_hide":1,"alexsmobs:guster_eye":4,"born_in_chaos_v1:fire_dust":1,"alexsmobs:rattlesnake_rattle":1,"minecraft:granite":5,"alexsmobs:tarantula_hawk_wing_fragment":1,"minecraft:golden_apple":1,"minecraft:spruce_sign":1,"minecraft:chainmail_helmet":1,"alexsmobs:maggot":7,"minecraft:oak_sapling":103,"born_in_chaos_v1:rotten_fish":1,"iceandfire:raw_silver":10,"minecraft:crafting_table":17,"minecraft:clay_ball":4,"born_in_chaos_v1:seedof_chaos":1,"minecraft:cooked_rabbit":1,"minecraft:shield":1,"minecraft:cornflower":1,"minecraft:jungle_trapdoor":2,"minecraft:iron_axe":1,"minecraft:beef":25,"minecraft:player_head":1,"minecraft:poppy":1,"minecraft:lectern":66,"minecraft:birch_sapling":10,"minecraft:sugar_cane":22,"minecraft:stripped_mangrove_wood":3,"minecraft:raw_iron":76,"minecraft:sandstone":24,"iceandfire:dragonbone":118,"minecraft:copper_ingot":8,"minecraft:note_block":3,"minecraft:stone_button":9,"born_in_chaos_v1:pieceofdarkmetal":3,"minecraft:redstone":10,"minecraft:jungle_sign":6,"minecraft:dark_oak_planks":13,"minecraft:smooth_sandstone_slab":1,"mowziesmobs:umvuthana_mask_faith":1,"minecraft:diamond_chestplate":1,"minecraft:arrow":14,"iceandfire:cyclops_eye":1,"minecraft:jungle_stairs":3,"biomesoplenty:orange_sandstone":18,"minecraft:hay_block":75,"minecraft:saddle":1,"minecraft:sandstone_stairs":2,"mowziesmobs:umvuthana_mask_bliss":2,"minecraft:bone_block":12,"minecraft:mutton":4,"biomesoplenty:orange_sand":3,"minecraft:skeleton_skull":1,"alexsmobs:kangaroo_meat":5,"minecraft:white_wool":4,"born_in_chaos_v1:fused_bone":3,"minecraft:stripped_oak_log":1,"born_in_chaos_v1:corpse_maggot":19,"mowziesmobs:umvuthana_mask_fury":1,"born_in_chaos_v1:monster_flesh":3,"minecraft:cut_sandstone":2,"minecraft:leather":20,"minecraft:acacia_wood":1,"minecraft:oak_log":290,"minecraft:gunpowder":6,"minecraft:gray_carpet":1,"minecraft:apple":12,"minecraft:stone_bricks":4,"mowziesmobs:umvuthana_mask_rage":1,"iceandfire:cannoli":1,"minecraft:rabbit_hide":3,"minecraft:iron_ingot":20,"minecraft:mangrove_planks":1,"mowziesmobs:umvuthana_mask_misery":1,"minecraft:iron_sword":1,"minecraft:acacia_sapling":1,"iceandfire:copper_nugget":2,"mowziesmobs:clawed_log":2,"born_in_chaos_v1:ethereal_spirit":4,"minecraft:dandelion":1,"minecraft:dripstone_block":6,"minecraft:gravel":2,"born_in_chaos_v1:dark_rod":2,"minecraft:red_banner":2,"minecraft:white_bed":3,"minecraft:spider_eye":2,"minecraft:stone_axe":1,"minecraft:stripped_jungle_wood":20,"minecraft:painting":1,"minecraft:cherry_sapling":96,"minecraft:damaged_anvil":2,"minecraft:coal":370,"minecraft:ender_pearl":1}},"DataVersion":3465}