{"stats":{"minecraft:killed_by":{"man:managgresive":1,"minecraft:skeleton":4,"minecraft:zombie":1,"born_in_chaos_v1:corpse_fish":2,"cave_dweller:cave_dweller":1},"minecraft:custom":{"minecraft:interact_with_furnace":32,"minecraft:mob_kills":29,"minecraft:interact_with_crafting_table":24,"minecraft:time_since_death":196,"minecraft:time_since_rest":256,"minecraft:sprint_one_cm":102561,"minecraft:damage_taken":4730,"minecraft:walk_one_cm":69906,"minecraft:damage_blocked_by_shield":960,"minecraft:drop":15,"minecraft:damage_dealt":5233,"minecraft:swim_one_cm":72511,"minecraft:fly_one_cm":223775,"minecraft:crouch_one_cm":19139,"minecraft:play_time":60314,"minecraft:deaths":15,"minecraft:sneak_time":7584,"minecraft:walk_under_water_one_cm":29054,"minecraft:jump":1307,"minecraft:walk_on_water_one_cm":42149,"minecraft:total_world_time":60314,"minecraft:interact_with_smoker":22,"minecraft:fall_one_cm":50862},"minecraft:used":{"minecraft:water_bucket":1,"minecraft:diorite":7,"minecraft:stone_pickaxe":70,"born_in_chaos_v1:smoked_fish":7,"minecraft:shield":16,"minecraft:wooden_pickaxe":30,"minecraft:dirt":12,"minecraft:crafting_table":9,"smarter_mobs:spider_web":3,"minecraft:tuff":2,"minecraft:smoker":6,"minecraft:wooden_axe":99,"born_in_chaos_v1:smoked_flesh":3,"minecraft:iron_axe":68,"minecraft:iron_pickaxe":124,"minecraft:iron_helmet":1,"born_in_chaos_v1:smoked_monster_flesh":2,"minecraft:stone_axe":6,"minecraft:cobblestone":36,"minecraft:furnace":5,"minecraft:bucket":2,"minecraft:andesite":15,"minecraft:cobbled_deepslate":8,"minecraft:iron_leggings":1},"minecraft:killed":{"born_in_chaos_v1:restless_spirit":1,"minecraft:spider":2,"alexsmobs:rattlesnake":1,"minecraft:creeper":1,"born_in_chaos_v1:decrepit_skeleton":2,"minecraft:skeleton":2,"minecraft:zombie":2,"born_in_chaos_v1:dread_hound":1,"minecraft:chicken":1,"born_in_chaos_v1:corpse_fly":2,"minecraft:drowned":2,"born_in_chaos_v1:corpse_fish":11,"alexsmobs:centipede_head":1},"minecraft:mined":{"minecraft:tuff":5,"minecraft:deepslate_diamond_ore":3,"minecraft:smoker":5,"biomesoplenty:wildflower":1,"biomesoplenty:desert_grass":1,"minecraft:crafting_table":7,"minecraft:grass_block":1,"minecraft:cobblestone":1,"minecraft:deepslate_gold_ore":1,"minecraft:diorite":10,"biomesoplenty:dune_grass":1,"minecraft:furnace":4,"minecraft:iron_ore":18,"minecraft:andesite":19,"minecraft:coal_ore":22,"minecraft:grass":2,"minecraft:oak_log":96,"minecraft:deepslate_iron_ore":25,"minecraft:gravel":1,"minecraft:dirt":6,"minecraft:stone":56,"minecraft:deepslate":47},"minecraft:dropped":{"minecraft:gravel":1,"minecraft:iron_ingot":4,"minecraft:wheat_seeds":2,"minecraft:oak_log":28,"minecraft:tuff":3,"smarter_mobs:spider_web":2,"minecraft:dirt":1,"minecraft:wooden_axe":1,"born_in_chaos_v1:corpse_maggot":2,"minecraft:bone_meal":2,"minecraft:spider_eye":1,"minecraft:wooden_pickaxe":1},"minecraft:crafted":{"minecraft:oak_planks":128,"born_in_chaos_v1:smoked_fish":7,"minecraft:crafting_table":2,"minecraft:iron_helmet":1,"minecraft:wooden_pickaxe":1,"minecraft:furnace":3,"minecraft:bucket":2,"immersive_melodies:flute":1,"minecraft:stone_axe":1,"born_in_chaos_v1:smoked_monster_flesh":2,"minecraft:air":0,"minecraft:iron_boots":1,"minecraft:iron_chestplate":1,"minecraft:shield":1,"minecraft:iron_axe":1,"minecraft:stick":12,"born_in_chaos_v1:smoked_flesh":3,"minecraft:iron_ingot":41,"minecraft:iron_pickaxe":1,"minecraft:stone_pickaxe":1,"minecraft:wooden_axe":2,"minecraft:iron_leggings":1,"minecraft:smoker":2},"minecraft:picked_up":{"born_in_chaos_v1:corpse_maggot":2,"minecraft:crafting_table":7,"minecraft:chicken":1,"born_in_chaos_v1:monster_flesh":1,"minecraft:andesite":15,"minecraft:smoker":5,"minecraft:tuff":5,"minecraft:oak_log":96,"minecraft:gunpowder":2,"smarter_mobs:spider_web":6,"minecraft:dirt":13,"minecraft:string":2,"born_in_chaos_v1:monster_skin":1,"minecraft:bone":5,"minecraft:wheat_seeds":2,"minecraft:cobbled_deepslate":47,"minecraft:raw_gold":1,"minecraft:furnace":4,"minecraft:stick":7,"minecraft:raw_iron":41,"born_in_chaos_v1:ethereal_spirit":1,"minecraft:gravel":1,"minecraft:diorite":9,"minecraft:spider_eye":1,"minecraft:arrow":7,"minecraft:rotten_flesh":5,"minecraft:diamond":3,"minecraft:bone_meal":2,"born_in_chaos_v1:rotten_fish":9,"minecraft:oak_sapling":8,"minecraft:coal":38,"minecraft:cobblestone":52},"minecraft:broken":{"minecraft:wooden_axe":1}},"DataVersion":3465}