{"stats":{"minecraft:killed_by":{"minecraft:husk":4,"man:managgresive":1,"minecraft:spider":1,"alexsmobs:tarantula_hawk":1,"born_in_chaos_v1:corpse_fly":1},"minecraft:custom":{"minecraft:interact_with_furnace":2,"minecraft:mob_kills":18,"minecraft:interact_with_crafting_table":2,"minecraft:damage_dealt_resisted":1003,"minecraft:leave_game":3,"minecraft:time_since_death":42028,"minecraft:time_since_rest":42231,"minecraft:sprint_one_cm":56292,"minecraft:damage_taken":2295,"minecraft:walk_one_cm":120407,"minecraft:drop":3,"minecraft:damage_dealt":2778,"minecraft:swim_one_cm":4773,"minecraft:fly_one_cm":475550,"minecraft:crouch_one_cm":15325,"minecraft:play_time":59200,"minecraft:deaths":8,"minecraft:sneak_time":5713,"minecraft:walk_under_water_one_cm":5575,"minecraft:jump":579,"minecraft:walk_on_water_one_cm":1202,"minecraft:total_world_time":59200,"minecraft:fall_one_cm":9295},"minecraft:mined":{"minecraft:acacia_leaves":2,"biomesoplenty:orange_sand":3,"biomesoplenty:desert_grass":3,"minecraft:crafting_table":2,"minecraft:acacia_log":27,"biomesoplenty:orange_sandstone":18,"biomesoplenty:dune_grass":3,"biomesoplenty:palm_log":12,"minecraft:furnace":1,"minecraft:oak_log":5,"minecraft:gravel":2,"minecraft:azalea_leaves":3,"minecraft:stone":17},"minecraft:crafted":{"minecraft:wooden_sword":1,"minecraft:oak_planks":20,"minecraft:crafting_table":1,"minecraft:wooden_pickaxe":1,"minecraft:furnace":1,"minecraft:stick":8,"minecraft:wooden_axe":1,"minecraft:acacia_planks":108,"minecraft:cooked_rabbit":1,"biomesoplenty:palm_planks":48},"minecraft:killed":{"minecraft:husk":1,"alexsmobs:guster":2,"born_in_chaos_v1:swarmer":1,"minecraft:rabbit":1,"born_in_chaos_v1:maggot":2,"minecraft:skeleton":1,"born_in_chaos_v1:corpse_fly":7,"alexsmobs:hammerhead_shark":1,"alexsmobs:fly":1,"born_in_chaos_v1:door_knight":1},"minecraft:dropped":{"alexsmobs:maggot":2,"minecraft:rotten_flesh":1,"born_in_chaos_v1:corpse_maggot":1},"minecraft:used":{"minecraft:oak_planks":1,"minecraft:wooden_pickaxe":40,"minecraft:rotten_flesh":2,"minecraft:crafting_table":2,"minecraft:stone_brick_wall":14,"minecraft:redstone_torch":4,"born_in_chaos_v1:corpse_maggot":1,"minecraft:glass":1,"biomesoplenty:palm_sapling":1,"minecraft:stone_brick_slab":112,"minecraft:wooden_axe":50,"minecraft:lantern":18,"minecraft:grass_block":8,"minecraft:stone_slab":46,"minecraft:gravel":1,"minecraft:stone_brick_stairs":38,"biomesoplenty:palm_planks":29,"minecraft:stone_bricks":41,"minecraft:wooden_sword":85,"minecraft:glowstone":2,"minecraft:redstone_lamp":4,"minecraft:oak_sapling":7,"minecraft:furnace":1,"minecraft:cooked_rabbit":3,"minecraft:acacia_planks":2,"minecraft:bone_meal":29},"minecraft:picked_up":{"born_in_chaos_v1:corpse_maggot":12,"minecraft:crafting_table":2,"minecraft:oak_log":5,"minecraft:bone":2,"biomesoplenty:palm_sapling":1,"minecraft:azalea":3,"minecraft:rabbit":1,"minecraft:oak_planks":3,"minecraft:acacia_sapling":1,"minecraft:furnace":1,"minecraft:stick":3,"minecraft:acacia_log":27,"minecraft:gravel":1,"minecraft:sand":4,"alexsmobs:guster_eye":1,"minecraft:rotten_flesh":5,"biomesoplenty:palm_log":12,"biomesoplenty:orange_sandstone":18,"alexsmobs:maggot":2,"biomesoplenty:orange_sand":3,"minecraft:cobblestone":17}},"DataVersion":3465}