{"stats":{"minecraft:killed_by":{"minecraft:husk":4,"born_in_chaos_v1:nightmare_stalker":3,"minecraft:creeper":1,"minecraft:spider":1,"minecraft:enderman":2,"born_in_chaos_v1:corpse_fly":1,"born_in_chaos_v1:fallen_chaos_knight":1,"man:managgresive":1,"alexsmobs:guster":1,"minecraft:skeleton":10,"minecraft:zombie":1,"alexsmobs:tarantula_hawk":2},"minecraft:crafted":{"minecraft:wooden_sword":1,"minecraft:oak_planks":20,"minecraft:furnace":1,"simplytools:stone_hammer":1,"minecraft:stone_pickaxe":2,"minecraft:cooked_rabbit":7,"minecraft:crafting_table":1,"minecraft:wooden_pickaxe":1,"alexsmobs:cooked_kangaroo_meat":2,"alexsmobs:boiled_emu_egg":1,"simplytools:stone_hammer_head":1,"minecraft:stone_axe":1,"minecraft:air":0,"minecraft:stick":12,"minecraft:iron_ingot":6,"minecraft:wooden_axe":1,"minecraft:stone_sword":1,"minecraft:acacia_planks":124,"biomesoplenty:palm_planks":48},"minecraft:picked_up":{"minecraft:crafting_table":6,"minecraft:string":2,"minecraft:raw_copper":14,"minecraft:azalea":3,"minecraft:furnace":3,"minecraft:sandstone":17,"minecraft:raw_iron":35,"minecraft:stick":4,"minecraft:acacia_log":31,"minecraft:diorite":32,"minecraft:rabbit_foot":1,"minecraft:stone_sword":1,"minecraft:arrow":5,"minecraft:rotten_flesh":15,"biomesoplenty:palm_log":12,"biomesoplenty:orange_sandstone":18,"alexsmobs:emu_egg":3,"alexsmobs:kangaroo_meat":2,"biomesoplenty:orange_sand":3,"minecraft:cobblestone":166,"born_in_chaos_v1:fused_bone":3,"born_in_chaos_v1:corpse_maggot":16,"minecraft:leather_chestplate":1,"born_in_chaos_v1:monster_flesh":1,"minecraft:andesite":5,"minecraft:oak_log":5,"minecraft:gunpowder":2,"smarter_mobs:spider_web":1,"minecraft:dirt":2,"born_in_chaos_v1:monster_skin":1,"minecraft:bone":12,"minecraft:rabbit_hide":3,"biomesoplenty:palm_sapling":1,"minecraft:rabbit":7,"minecraft:moss_block":5,"minecraft:oak_planks":3,"minecraft:acacia_sapling":1,"minecraft:gravel":1,"minecraft:sand":65,"minecraft:spider_eye":1,"alexsmobs:kangaroo_hide":1,"alexsmobs:guster_eye":4,"minecraft:granite":5,"alexsmobs:tarantula_hawk_wing_fragment":1,"alexsmobs:maggot":2,"minecraft:coal":154,"minecraft:ender_pearl":1},"minecraft:custom":{"minecraft:mob_kills":64,"minecraft:interact_with_crafting_table":6,"minecraft:damage_dealt_resisted":1019,"minecraft:leave_game":5,"minecraft:time_since_death":234,"minecraft:sprint_one_cm":266902,"minecraft:walk_one_cm":225078,"minecraft:drop":23,"minecraft:damage_dealt_absorbed":81,"minecraft:play_time":128378,"minecraft:sneak_time":11685,"minecraft:deaths":28,"minecraft:walk_under_water_one_cm":22602,"minecraft:jump":2190,"minecraft:walk_on_water_one_cm":46092,"minecraft:total_world_time":128378,"minecraft:interact_with_furnace":11,"minecraft:time_since_rest":252,"minecraft:damage_taken":9181,"minecraft:damage_dealt":11456,"minecraft:fly_one_cm":1056460,"minecraft:swim_one_cm":37059,"minecraft:crouch_one_cm":27041,"minecraft:fall_one_cm":71841},"minecraft:killed":{"alexsmobs:tarantula_hawk":1,"minecraft:spider":3,"born_in_chaos_v1:maggot":2,"minecraft:skeleton":2,"alexsmobs:hammerhead_shark":1,"alexsmobs:kangaroo":1,"born_in_chaos_v1:fallen_chaos_knight":1,"minecraft:husk":5,"alexsmobs:guster":9,"born_in_chaos_v1:swarmer":1,"born_in_chaos_v1:spirit_guide_assistant":1,"minecraft:rabbit":7,"minecraft:bat":4,"born_in_chaos_v1:decrepit_skeleton":5,"minecraft:zombie":2,"born_in_chaos_v1:dread_hound":1,"born_in_chaos_v1:corpse_fly":10,"alexsmobs:fly":2,"born_in_chaos_v1:door_knight":3,"minecraft:enderman":2},"minecraft:used":{"alexsmobs:emu_egg":2,"minecraft:stone_sword":129,"minecraft:rotten_flesh":2,"minecraft:dirt":2,"alexsmobs:cooked_kangaroo_meat":2,"born_in_chaos_v1:corpse_maggot":1,"minecraft:glass":1,"biomesoplenty:palm_sapling":1,"minecraft:stone_brick_slab":112,"minecraft:wooden_axe":50,"minecraft:lantern":18,"minecraft:grass_block":8,"minecraft:stone_brick_stairs":38,"minecraft:stone_bricks":41,"minecraft:glowstone":2,"minecraft:redstone_lamp":4,"minecraft:furnace":3,"minecraft:oak_sapling":7,"minecraft:acacia_planks":2,"minecraft:stone_pickaxe":144,"minecraft:oak_planks":1,"minecraft:leather_chestplate":1,"minecraft:wooden_pickaxe":59,"minecraft:sandstone":30,"minecraft:sand":35,"minecraft:crafting_table":6,"minecraft:stone_brick_wall":14,"minecraft:redstone_torch":4,"minecraft:stone_slab":46,"simplytools:stone_hammer":159,"minecraft:gravel":1,"biomesoplenty:palm_planks":29,"minecraft:stone_axe":68,"minecraft:wooden_sword":100,"minecraft:cooked_rabbit":31,"minecraft:bone_meal":29},"minecraft:mined":{"biomesoplenty:desert_grass":3,"minecraft:granite":6,"minecraft:acacia_log":31,"minecraft:grass_block":2,"biomesoplenty:orange_sandstone":18,"minecraft:moss_block":5,"minecraft:sandstone":3,"biomesoplenty:dune_grass":3,"biomesoplenty:palm_log":12,"minecraft:furnace":3,"minecraft:iron_ore":35,"minecraft:andesite":5,"minecraft:azalea_leaves":3,"minecraft:stone":167,"minecraft:acacia_leaves":3,"biomesoplenty:orange_sand":3,"minecraft:crafting_table":6,"minecraft:dead_bush":1,"minecraft:copper_ore":5,"minecraft:diorite":32,"minecraft:grass":3,"minecraft:oak_log":5,"minecraft:coal_ore":76,"minecraft:gravel":2,"minecraft:sand":7,"minecraft:oak_leaves":1},"minecraft:dropped":{"minecraft:moss_block":5,"minecraft:granite":5,"minecraft:coal":2,"minecraft:diorite":32,"minecraft:wooden_axe":1,"born_in_chaos_v1:fused_bone":2,"minecraft:wooden_sword":1,"minecraft:sand":10,"minecraft:bone":2,"alexsmobs:maggot":2,"minecraft:stone_sword":1,"minecraft:rotten_flesh":5,"smarter_mobs:spider_web":1,"alexsmobs:kangaroo_hide":1,"minecraft:andesite":5,"born_in_chaos_v1:corpse_maggot":5,"minecraft:acacia_sapling":1,"minecraft:spider_eye":1},"minecraft:broken":{"minecraft:stone_sword":1,"minecraft:leather_chestplate":1,"minecraft:wooden_pickaxe":1,"minecraft:stone_pickaxe":1}},"DataVersion":3465}