{"stats":{"minecraft:crafted":{"minecraft:wooden_sword":1,"minecraft:oak_planks":20,"minecraft:crafting_table":1,"minecraft:wooden_pickaxe":1,"alexsmobs:cooked_kangaroo_meat":2,"minecraft:furnace":1,"minecraft:stone_axe":1,"minecraft:air":0,"minecraft:stick":8,"minecraft:iron_ingot":6,"minecraft:stone_pickaxe":1,"minecraft:wooden_axe":1,"minecraft:stone_sword":1,"minecraft:acacia_planks":124,"minecraft:cooked_rabbit":7,"biomesoplenty:palm_planks":48},"minecraft:used":{"alexsmobs:emu_egg":2,"minecraft:stone_sword":72,"minecraft:stone_pickaxe":61,"minecraft:oak_planks":1,"minecraft:wooden_pickaxe":59,"minecraft:sandstone":30,"minecraft:rotten_flesh":2,"minecraft:dirt":2,"minecraft:sand":31,"minecraft:crafting_table":4,"minecraft:stone_brick_wall":14,"minecraft:redstone_torch":4,"biomesoplenty:palm_sapling":1,"minecraft:glass":1,"born_in_chaos_v1:corpse_maggot":1,"minecraft:stone_brick_slab":112,"minecraft:wooden_axe":50,"minecraft:lantern":18,"minecraft:grass_block":8,"minecraft:stone_slab":46,"minecraft:gravel":1,"minecraft:stone_brick_stairs":38,"biomesoplenty:palm_planks":29,"minecraft:stone_bricks":41,"minecraft:stone_axe":7,"minecraft:wooden_sword":100,"minecraft:glowstone":2,"minecraft:redstone_lamp":4,"minecraft:oak_sapling":7,"minecraft:furnace":2,"minecraft:cooked_rabbit":21,"minecraft:acacia_planks":2,"minecraft:bone_meal":29},"minecraft:broken":{"minecraft:wooden_pickaxe":1},"minecraft:killed_by":{"minecraft:husk":4,"man:managgresive":1,"born_in_chaos_v1:nightmare_stalker":1,"minecraft:skeleton":4,"minecraft:spider":1,"alexsmobs:tarantula_hawk":2,"born_in_chaos_v1:corpse_fly":1},"minecraft:mined":{"minecraft:acacia_leaves":3,"biomesoplenty:orange_sand":3,"biomesoplenty:desert_grass":3,"minecraft:crafting_table":4,"minecraft:acacia_log":31,"minecraft:grass_block":2,"biomesoplenty:orange_sandstone":18,"minecraft:sandstone":3,"biomesoplenty:dune_grass":3,"biomesoplenty:palm_log":12,"minecraft:furnace":2,"minecraft:iron_ore":6,"minecraft:grass":2,"minecraft:coal_ore":33,"minecraft:oak_log":5,"minecraft:gravel":2,"minecraft:sand":5,"minecraft:azalea_leaves":3,"minecraft:stone":52},"minecraft:dropped":{"alexsmobs:maggot":2,"minecraft:stone_sword":1,"minecraft:rotten_flesh":1,"minecraft:wooden_axe":1,"born_in_chaos_v1:corpse_maggot":3,"minecraft:wooden_sword":1},"minecraft:custom":{"minecraft:interact_with_furnace":9,"minecraft:mob_kills":44,"minecraft:interact_with_crafting_table":4,"minecraft:damage_dealt_resisted":1019,"minecraft:leave_game":3,"minecraft:time_since_death":5621,"minecraft:time_since_rest":5651,"minecraft:sprint_one_cm":187479,"minecraft:damage_taken":4757,"minecraft:walk_one_cm":179485,"minecraft:drop":7,"minecraft:damage_dealt":6188,"minecraft:damage_dealt_absorbed":81,"minecraft:swim_one_cm":13611,"minecraft:fly_one_cm":728391,"minecraft:crouch_one_cm":21920,"minecraft:play_time":100493,"minecraft:deaths":14,"minecraft:sneak_time":9252,"minecraft:walk_under_water_one_cm":11973,"minecraft:jump":1571,"minecraft:walk_on_water_one_cm":20860,"minecraft:total_world_time":100493,"minecraft:fall_one_cm":35429},"minecraft:picked_up":{"born_in_chaos_v1:corpse_maggot":14,"minecraft:crafting_table":4,"minecraft:oak_log":5,"minecraft:gunpowder":2,"minecraft:dirt":2,"minecraft:string":2,"minecraft:bone":10,"minecraft:rabbit_hide":3,"biomesoplenty:palm_sapling":1,"minecraft:azalea":3,"minecraft:rabbit":7,"minecraft:oak_planks":3,"minecraft:acacia_sapling":1,"minecraft:raw_iron":6,"minecraft:furnace":2,"minecraft:sandstone":17,"minecraft:stick":3,"minecraft:acacia_log":31,"minecraft:gravel":1,"minecraft:sand":34,"minecraft:arrow":5,"minecraft:stone_sword":1,"minecraft:rabbit_foot":1,"alexsmobs:kangaroo_hide":1,"alexsmobs:guster_eye":1,"minecraft:rotten_flesh":8,"biomesoplenty:palm_log":12,"biomesoplenty:orange_sandstone":18,"alexsmobs:tarantula_hawk_wing_fragment":1,"alexsmobs:emu_egg":3,"alexsmobs:maggot":2,"minecraft:coal":48,"alexsmobs:kangaroo_meat":2,"biomesoplenty:orange_sand":3,"minecraft:cobblestone":52},"minecraft:killed":{"minecraft:husk":2,"alexsmobs:guster":3,"alexsmobs:tarantula_hawk":1,"born_in_chaos_v1:swarmer":1,"minecraft:rabbit":7,"minecraft:spider":2,"minecraft:bat":4,"born_in_chaos_v1:decrepit_skeleton":4,"born_in_chaos_v1:maggot":2,"minecraft:skeleton":2,"minecraft:zombie":2,"born_in_chaos_v1:corpse_fly":8,"alexsmobs:hammerhead_shark":1,"alexsmobs:fly":2,"born_in_chaos_v1:door_knight":1,"alexsmobs:kangaroo":1}},"DataVersion":3465}