{"stats":{"minecraft:killed_by":{"minecraft:skeleton":2,"minecraft:zombie":1},"minecraft:custom":{"minecraft:interact_with_furnace":10,"minecraft:mob_kills":9,"minecraft:interact_with_crafting_table":15,"minecraft:time_since_death":2372,"minecraft:time_since_rest":2403,"minecraft:sprint_one_cm":44704,"minecraft:damage_taken":2091,"minecraft:walk_one_cm":32435,"minecraft:damage_blocked_by_shield":210,"minecraft:drop":5,"minecraft:damage_dealt":1067,"minecraft:swim_one_cm":6041,"minecraft:fly_one_cm":83842,"minecraft:crouch_one_cm":11414,"minecraft:play_time":24314,"minecraft:deaths":6,"minecraft:sneak_time":5156,"minecraft:walk_under_water_one_cm":11127,"minecraft:jump":545,"minecraft:walk_on_water_one_cm":7418,"minecraft:total_world_time":24314,"minecraft:interact_with_smoker":4,"minecraft:fall_one_cm":24705},"minecraft:used":{"minecraft:diorite":7,"minecraft:stone_pickaxe":70,"minecraft:shield":1,"minecraft:wooden_pickaxe":30,"minecraft:dirt":4,"minecraft:crafting_table":5,"minecraft:smoker":1,"minecraft:wooden_axe":99,"minecraft:iron_axe":4,"minecraft:iron_pickaxe":10,"born_in_chaos_v1:smoked_monster_flesh":1,"minecraft:stone_axe":6,"minecraft:cobblestone":25,"minecraft:furnace":1,"minecraft:andesite":10,"minecraft:cobbled_deepslate":1},"minecraft:killed":{"born_in_chaos_v1:restless_spirit":1,"minecraft:spider":1,"minecraft:creeper":1,"minecraft:skeleton":2,"minecraft:zombie":1,"born_in_chaos_v1:dread_hound":1,"born_in_chaos_v1:corpse_fly":1,"alexsmobs:centipede_head":1},"minecraft:mined":{"minecraft:smoker":1,"biomesoplenty:wildflower":1,"biomesoplenty:desert_grass":1,"minecraft:crafting_table":4,"minecraft:grass_block":1,"minecraft:cobblestone":1,"minecraft:deepslate_gold_ore":1,"minecraft:diorite":10,"biomesoplenty:dune_grass":1,"minecraft:furnace":1,"minecraft:iron_ore":16,"minecraft:andesite":14,"minecraft:grass":1,"minecraft:oak_log":96,"minecraft:deepslate_iron_ore":6,"minecraft:dirt":6,"minecraft:stone":35,"minecraft:deepslate":17},"minecraft:dropped":{"minecraft:wheat_seeds":2,"minecraft:wooden_axe":1,"born_in_chaos_v1:corpse_maggot":2,"minecraft:wooden_pickaxe":1},"minecraft:crafted":{"minecraft:oak_planks":128,"minecraft:crafting_table":1,"minecraft:wooden_pickaxe":1,"minecraft:furnace":2,"immersive_melodies:flute":1,"minecraft:stone_axe":1,"born_in_chaos_v1:smoked_monster_flesh":1,"minecraft:air":0,"minecraft:iron_chestplate":1,"minecraft:shield":1,"minecraft:iron_axe":1,"minecraft:stick":12,"minecraft:iron_ingot":18,"minecraft:iron_pickaxe":1,"minecraft:stone_pickaxe":1,"minecraft:wooden_axe":2,"minecraft:smoker":1},"minecraft:picked_up":{"born_in_chaos_v1:corpse_maggot":2,"minecraft:crafting_table":4,"born_in_chaos_v1:monster_flesh":1,"minecraft:andesite":10,"minecraft:smoker":1,"minecraft:oak_log":96,"minecraft:gunpowder":2,"minecraft:dirt":13,"minecraft:string":1,"born_in_chaos_v1:monster_skin":1,"minecraft:bone":3,"minecraft:wheat_seeds":2,"minecraft:cobbled_deepslate":18,"minecraft:raw_gold":1,"minecraft:furnace":1,"minecraft:stick":7,"minecraft:raw_iron":22,"born_in_chaos_v1:ethereal_spirit":1,"minecraft:diorite":9,"minecraft:arrow":5,"minecraft:oak_sapling":8,"minecraft:cobblestone":31},"minecraft:broken":{"minecraft:wooden_axe":1}},"DataVersion":3465}