{"stats":{"minecraft:killed_by":{"born_in_chaos_v1:corpse_fish":1},"minecraft:custom":{"minecraft:jump":55,"minecraft:time_since_rest":189,"minecraft:deaths":1,"minecraft:damage_dealt":20,"minecraft:walk_on_water_one_cm":12091,"minecraft:sprint_one_cm":2756,"minecraft:leave_game":1,"minecraft:play_time":6630,"minecraft:damage_taken":270,"minecraft:time_since_death":145,"minecraft:walk_one_cm":4345,"minecraft:total_world_time":6630,"minecraft:walk_under_water_one_cm":2185,"minecraft:swim_one_cm":29372,"minecraft:fall_one_cm":2137,"minecraft:fly_one_cm":7071},"minecraft:used":{"alexsmobs:animal_dictionary":2}},"DataVersion":3465}