{"stats":{"minecraft:killed_by":{"minecraft:skeleton":2,"minecraft:creeper":1,"born_in_chaos_v1:siamese_skeletons":2,"born_in_chaos_v1:corpse_fish":2,"born_in_chaos_v1:baby_skeleton":1,"iceandfire:ghost":6,"born_in_chaos_v1:dread_hound":2},"minecraft:custom":{"minecraft:interact_with_furnace":5,"minecraft:mob_kills":8,"minecraft:interact_with_crafting_table":6,"minecraft:leave_game":2,"minecraft:time_since_death":619,"minecraft:time_since_rest":676,"minecraft:sprint_one_cm":158303,"minecraft:damage_taken":4981,"minecraft:walk_one_cm":65195,"minecraft:trigger_trapped_chest":2,"minecraft:drop":6,"minecraft:damage_dealt":850,"minecraft:swim_one_cm":114768,"minecraft:fly_one_cm":187189,"minecraft:crouch_one_cm":9088,"minecraft:play_time":53734,"minecraft:deaths":17,"minecraft:sneak_time":5525,"minecraft:walk_under_water_one_cm":5448,"minecraft:jump":1129,"minecraft:walk_on_water_one_cm":23363,"minecraft:total_world_time":53734,"minecraft:fall_one_cm":33575},"minecraft:used":{"minecraft:stone_sword":22,"minecraft:acacia_log":1,"minecraft:stone_pickaxe":83,"minecraft:wooden_pickaxe":59,"minecraft:cooked_chicken":5,"minecraft:torch":12,"minecraft:dirt":80,"minecraft:crafting_table":2,"smarter_mobs:spider_web":2,"minecraft:wooden_axe":56,"minecraft:iron_helmet":1,"minecraft:furnace":2,"minecraft:oak_sapling":8,"alexsmobs:animal_dictionary":2,"minecraft:egg":1},"minecraft:killed":{"minecraft:spider":2,"minecraft:skeleton":1,"minecraft:chicken":5},"minecraft:dropped":{"minecraft:wheat_seeds":1,"minecraft:feather":5,"minecraft:chiseled_stone_bricks":1,"minecraft:wooden_axe":1,"minecraft:bone_meal":1,"minecraft:string":2},"minecraft:mined":{"minecraft:acacia_leaves":2,"minecraft:crafting_table":3,"minecraft:torch":1,"biomesoplenty:bush":2,"minecraft:acacia_log":2,"minecraft:grass_block":44,"minecraft:tall_grass":1,"minecraft:cobblestone":1,"minecraft:chiseled_stone_bricks":1,"minecraft:furnace":2,"minecraft:grass":11,"minecraft:oak_log":57,"minecraft:coal_ore":55,"minecraft:vine":1,"minecraft:sand":5,"minecraft:dirt":47,"minecraft:stone":76,"minecraft:oak_leaves":2},"minecraft:crafted":{"minecraft:oak_planks":48,"minecraft:crafting_table":2,"minecraft:wooden_pickaxe":1,"minecraft:cooked_chicken":5,"minecraft:furnace":1,"minecraft:air":0,"minecraft:stick":20,"minecraft:stone_pickaxe":1,"minecraft:wooden_axe":1,"minecraft:stone_sword":1,"minecraft:acacia_planks":4,"minecraft:torch":52},"minecraft:picked_up":{"minecraft:crafting_table":3,"minecraft:feather":5,"minecraft:chicken":5,"minecraft:oak_log":78,"smarter_mobs:spider_web":2,"minecraft:string":2,"minecraft:dirt":132,"minecraft:bone":9,"minecraft:wheat_seeds":1,"minecraft:egg":3,"minecraft:furnace":2,"minecraft:stick":4,"minecraft:chiseled_stone_bricks":1,"minecraft:torch":2,"minecraft:acacia_log":2,"minecraft:gravel":1,"minecraft:sand":5,"minecraft:arrow":3,"minecraft:bone_meal":1,"minecraft:oak_sapling":8,"minecraft:coal":95,"minecraft:cobblestone":71},"minecraft:broken":{"minecraft:wooden_pickaxe":1}},"DataVersion":3465}