{"stats":{"minecraft:killed_by":{"born_in_chaos_v1:baby_skeleton":1,"iceandfire:ghost":1,"minecraft:skeleton":2,"born_in_chaos_v1:dread_hound":2,"minecraft:creeper":1,"born_in_chaos_v1:siamese_skeletons":2,"born_in_chaos_v1:corpse_fish":1},"minecraft:custom":{"minecraft:time_since_rest":8543,"minecraft:interact_with_furnace":3,"minecraft:sprint_one_cm":116777,"minecraft:damage_taken":3560,"minecraft:walk_one_cm":51816,"minecraft:mob_kills":8,"minecraft:drop":1,"minecraft:damage_dealt":785,"minecraft:swim_one_cm":68566,"minecraft:interact_with_crafting_table":6,"minecraft:fly_one_cm":111782,"minecraft:crouch_one_cm":8173,"minecraft:play_time":42630,"minecraft:deaths":11,"minecraft:sneak_time":5152,"minecraft:walk_under_water_one_cm":4027,"minecraft:jump":821,"minecraft:leave_game":1,"minecraft:walk_on_water_one_cm":16846,"minecraft:time_since_death":8492,"minecraft:total_world_time":42630,"minecraft:fall_one_cm":23061},"minecraft:used":{"minecraft:wooden_axe":56,"minecraft:stone_sword":20,"minecraft:acacia_log":1,"minecraft:stone_pickaxe":80,"minecraft:wooden_pickaxe":59,"minecraft:torch":12,"minecraft:cooked_chicken":4,"minecraft:dirt":76,"minecraft:crafting_table":2,"minecraft:furnace":2,"minecraft:oak_sapling":8,"alexsmobs:animal_dictionary":2},"minecraft:killed":{"minecraft:skeleton":1,"minecraft:chicken":5,"minecraft:spider":2},"minecraft:dropped":{"minecraft:wooden_axe":1},"minecraft:mined":{"minecraft:acacia_leaves":2,"minecraft:furnace":1,"minecraft:torch":1,"minecraft:crafting_table":3,"minecraft:coal_ore":55,"minecraft:grass":8,"biomesoplenty:bush":2,"minecraft:acacia_log":2,"minecraft:grass_block":40,"minecraft:oak_log":57,"minecraft:dirt":45,"minecraft:sand":5,"minecraft:tall_grass":1,"minecraft:cobblestone":1,"minecraft:stone":76,"minecraft:oak_leaves":1,"minecraft:chiseled_stone_bricks":1},"minecraft:crafted":{"minecraft:oak_planks":48,"minecraft:crafting_table":2,"minecraft:stick":20,"minecraft:cooked_chicken":4,"minecraft:wooden_pickaxe":1,"minecraft:stone_pickaxe":1,"minecraft:wooden_axe":1,"minecraft:furnace":1,"minecraft:stone_sword":1,"minecraft:acacia_planks":4,"minecraft:torch":52,"minecraft:air":0},"minecraft:picked_up":{"minecraft:stick":4,"minecraft:crafting_table":3,"minecraft:feather":5,"minecraft:chicken":5,"minecraft:torch":2,"minecraft:acacia_log":2,"minecraft:sand":5,"minecraft:oak_log":78,"minecraft:string":2,"minecraft:dirt":126,"minecraft:bone":9,"minecraft:arrow":3,"minecraft:oak_sapling":8,"minecraft:coal":55,"minecraft:furnace":1,"minecraft:cobblestone":71,"minecraft:egg":2},"minecraft:broken":{"minecraft:wooden_pickaxe":1}},"DataVersion":3465}