{"stats":{"minecraft:killed_by":{"iceandfire:ghost":1,"minecraft:skeleton":2,"born_in_chaos_v1:dread_hound":2,"minecraft:creeper":1,"born_in_chaos_v1:siamese_skeletons":1,"born_in_chaos_v1:corpse_fish":1},"minecraft:custom":{"minecraft:time_since_rest":1079,"minecraft:interact_with_furnace":2,"minecraft:sprint_one_cm":74853,"minecraft:damage_taken":2680,"minecraft:walk_one_cm":37783,"minecraft:mob_kills":5,"minecraft:drop":1,"minecraft:damage_dealt":425,"minecraft:swim_one_cm":54522,"minecraft:interact_with_crafting_table":6,"minecraft:fly_one_cm":78779,"minecraft:crouch_one_cm":4085,"minecraft:play_time":30630,"minecraft:deaths":9,"minecraft:sneak_time":2718,"minecraft:walk_under_water_one_cm":3421,"minecraft:jump":529,"minecraft:leave_game":1,"minecraft:walk_on_water_one_cm":15800,"minecraft:time_since_death":1030,"minecraft:total_world_time":30630,"minecraft:fall_one_cm":16166},"minecraft:used":{"minecraft:wooden_axe":56,"minecraft:stone_sword":10,"minecraft:acacia_log":1,"minecraft:stone_pickaxe":23,"minecraft:wooden_pickaxe":59,"minecraft:torch":3,"minecraft:cooked_chicken":1,"minecraft:dirt":32,"minecraft:crafting_table":2,"minecraft:furnace":1,"minecraft:oak_sapling":8,"alexsmobs:animal_dictionary":2},"minecraft:killed":{"minecraft:skeleton":1,"minecraft:chicken":4},"minecraft:dropped":{"minecraft:wooden_axe":1},"minecraft:mined":{"minecraft:acacia_leaves":2,"minecraft:furnace":1,"minecraft:crafting_table":3,"minecraft:coal_ore":15,"minecraft:grass":8,"biomesoplenty:bush":2,"minecraft:acacia_log":2,"minecraft:grass_block":22,"minecraft:oak_log":57,"minecraft:dirt":16,"minecraft:sand":5,"minecraft:stone":62,"minecraft:oak_leaves":1},"minecraft:crafted":{"minecraft:oak_planks":48,"minecraft:crafting_table":2,"minecraft:stick":20,"minecraft:cooked_chicken":4,"minecraft:wooden_pickaxe":1,"minecraft:stone_pickaxe":1,"minecraft:wooden_axe":1,"minecraft:furnace":1,"minecraft:stone_sword":1,"minecraft:acacia_planks":4,"minecraft:torch":52,"minecraft:air":0},"minecraft:picked_up":{"minecraft:stick":4,"minecraft:crafting_table":3,"minecraft:feather":4,"minecraft:chicken":4,"minecraft:acacia_log":2,"minecraft:sand":5,"minecraft:oak_log":78,"minecraft:dirt":52,"minecraft:bone":9,"minecraft:arrow":3,"minecraft:oak_sapling":8,"minecraft:coal":15,"minecraft:furnace":1,"minecraft:cobblestone":57,"minecraft:egg":2},"minecraft:broken":{"minecraft:wooden_pickaxe":1}},"DataVersion":3465}