{"stats":{"minecraft:killed_by":{"minecraft:skeleton":2,"born_in_chaos_v1:dread_hound":2,"born_in_chaos_v1:corpse_fish":1},"minecraft:custom":{"minecraft:time_since_rest":6607,"minecraft:sprint_one_cm":47581,"minecraft:damage_taken":1360,"minecraft:walk_one_cm":26379,"minecraft:drop":1,"minecraft:damage_dealt":75,"minecraft:swim_one_cm":29372,"minecraft:interact_with_crafting_table":4,"minecraft:fly_one_cm":52699,"minecraft:crouch_one_cm":1128,"minecraft:play_time":18630,"minecraft:deaths":5,"minecraft:sneak_time":979,"minecraft:walk_under_water_one_cm":2185,"minecraft:jump":287,"minecraft:leave_game":1,"minecraft:walk_on_water_one_cm":12091,"minecraft:time_since_death":6576,"minecraft:total_world_time":18630,"minecraft:fall_one_cm":7768},"minecraft:used":{"minecraft:wooden_axe":56,"minecraft:acacia_log":1,"minecraft:wooden_pickaxe":59,"minecraft:dirt":3,"minecraft:crafting_table":1,"minecraft:oak_sapling":8,"alexsmobs:animal_dictionary":2},"minecraft:dropped":{"minecraft:wooden_axe":1},"minecraft:mined":{"minecraft:acacia_leaves":2,"minecraft:crafting_table":2,"minecraft:grass":5,"biomesoplenty:bush":2,"minecraft:acacia_log":2,"minecraft:grass_block":2,"minecraft:oak_log":57,"minecraft:dirt":1,"minecraft:sand":5,"minecraft:stone":58,"minecraft:oak_leaves":1},"minecraft:crafted":{"minecraft:oak_planks":16,"minecraft:crafting_table":2,"minecraft:stick":8,"minecraft:wooden_pickaxe":1,"minecraft:stone_pickaxe":1,"minecraft:wooden_axe":1,"minecraft:stone_sword":1,"minecraft:acacia_planks":4},"minecraft:picked_up":{"minecraft:stick":4,"minecraft:crafting_table":2,"minecraft:acacia_log":2,"minecraft:sand":5,"minecraft:oak_log":78,"minecraft:dirt":17,"minecraft:bone":7,"minecraft:arrow":1,"minecraft:oak_sapling":8,"minecraft:cobblestone":53},"minecraft:broken":{"minecraft:wooden_pickaxe":1}},"DataVersion":3465}