{"stats":{"minecraft:killed_by":{"born_in_chaos_v1:baby_skeleton_minion":1,"alexsmobs:centipede_head":1,"minecraft:skeleton":7,"minecraft:creeper":3,"minecraft:spider":1,"born_in_chaos_v1:corpse_fish":1,"born_in_chaos_v1:zombie_bruiser":1,"born_in_chaos_v1:dark_vortex":3,"iceandfire:ghost":2,"alexsmobs:murmur_head":1},"minecraft:custom":{"minecraft:interact_with_furnace":15,"minecraft:mob_kills":11,"minecraft:interact_with_crafting_table":7,"minecraft:leave_game":1,"minecraft:time_since_death":503,"minecraft:time_since_rest":571,"minecraft:sprint_one_cm":174905,"minecraft:damage_taken":10393,"minecraft:walk_one_cm":72259,"minecraft:damage_blocked_by_shield":645,"minecraft:trigger_trapped_chest":1,"minecraft:drop":2,"minecraft:damage_dealt":2944,"minecraft:swim_one_cm":42098,"minecraft:fly_one_cm":272257,"minecraft:crouch_one_cm":23722,"minecraft:play_time":58317,"minecraft:deaths":27,"minecraft:sneak_time":9212,"minecraft:walk_under_water_one_cm":38628,"minecraft:jump":1491,"minecraft:walk_on_water_one_cm":47462,"minecraft:interact_with_smoker":6,"minecraft:total_world_time":58317,"minecraft:fall_one_cm":99457},"minecraft:used":{"minecraft:diorite":1,"minecraft:red_sand":6,"minecraft:stone_pickaxe":93,"minecraft:oak_planks":4,"minecraft:wooden_pickaxe":6,"minecraft:shield":24,"minecraft:rotten_flesh":1,"minecraft:dirt":7,"minecraft:crafting_table":2,"minecraft:wooden_axe":11,"born_in_chaos_v1:smoked_flesh":3,"minecraft:stone_axe":33,"minecraft:cobblestone":11,"minecraft:furnace":2,"minecraft:cobbled_deepslate":23},"minecraft:killed":{"born_in_chaos_v1:baby_skeleton_minion":1,"born_in_chaos_v1:decrepit_skeleton":1,"minecraft:skeleton":2,"minecraft:zombie":5,"minecraft:chicken":1,"born_in_chaos_v1:corpse_fish":1},"minecraft:dropped":{"alexsmobs:animal_dictionary":1,"born_in_chaos_v1:monster_skin":1},"minecraft:mined":{"minecraft:acacia_leaves":2,"biomesoplenty:wildflower":1,"minecraft:crafting_table":1,"minecraft:red_sand":6,"minecraft:acacia_log":5,"minecraft:grass_block":2,"minecraft:dead_bush":2,"minecraft:cobblestone":2,"biomesoplenty:dune_grass":1,"minecraft:furnace":2,"minecraft:iron_ore":16,"minecraft:grass":5,"minecraft:coal_ore":17,"minecraft:oak_log":4,"minecraft:deepslate_iron_ore":2,"minecraft:vine":1,"minecraft:dirt":3,"minecraft:stone":22,"minecraft:deepslate":34},"minecraft:crafted":{"minecraft:oak_planks":128,"minecraft:crafting_table":1,"minecraft:iron_helmet":1,"minecraft:furnace":2,"minecraft:stone_axe":1,"minecraft:air":0,"minecraft:iron_boots":1,"minecraft:iron_chestplate":1,"minecraft:shield":1,"minecraft:stick":4,"born_in_chaos_v1:smoked_flesh":3,"minecraft:iron_ingot":18,"minecraft:stone_pickaxe":1,"minecraft:acacia_planks":12},"minecraft:picked_up":{"minecraft:wooden_axe":1,"born_in_chaos_v1:corpse_maggot":2,"minecraft:crafting_table":1,"minecraft:chicken":1,"born_in_chaos_v1:monster_flesh":5,"minecraft:andesite":6,"minecraft:wooden_pickaxe":1,"minecraft:oak_log":32,"minecraft:gunpowder":1,"minecraft:dirt":7,"minecraft:string":1,"born_in_chaos_v1:monster_skin":4,"minecraft:iron_shovel":1,"minecraft:cobbled_deepslate":34,"minecraft:wheat_seeds":1,"minecraft:red_sand":6,"minecraft:iron_ingot":4,"biomesoplenty:wildflower":1,"minecraft:furnace":2,"minecraft:stick":4,"minecraft:raw_iron":18,"minecraft:acacia_log":5,"minecraft:diorite":2,"alexsmobs:animal_dictionary":1,"minecraft:rotten_flesh":5,"minecraft:granite":1,"born_in_chaos_v1:rotten_fish":1,"minecraft:coal":17,"minecraft:cobblestone":29},"minecraft:broken":{"minecraft:wooden_axe":1}},"DataVersion":3465}