{"stats":{"minecraft:killed_by":{"born_in_chaos_v1:baby_skeleton_minion":1,"alexsmobs:centipede_head":1,"minecraft:skeleton":7,"minecraft:creeper":3,"minecraft:spider":1,"born_in_chaos_v1:corpse_fish":1,"born_in_chaos_v1:zombie_bruiser":1,"born_in_chaos_v1:dark_vortex":3,"iceandfire:ghost":1,"alexsmobs:murmur_head":1},"minecraft:custom":{"minecraft:interact_with_furnace":3,"minecraft:mob_kills":10,"minecraft:interact_with_crafting_table":4,"minecraft:leave_game":1,"minecraft:time_since_death":5884,"minecraft:time_since_rest":5914,"minecraft:sprint_one_cm":155379,"minecraft:damage_taken":9980,"minecraft:walk_one_cm":51398,"minecraft:damage_blocked_by_shield":645,"minecraft:trigger_trapped_chest":1,"minecraft:drop":2,"minecraft:damage_dealt":2869,"minecraft:swim_one_cm":33855,"minecraft:fly_one_cm":241904,"minecraft:crouch_one_cm":20512,"minecraft:play_time":46317,"minecraft:deaths":25,"minecraft:sneak_time":7786,"minecraft:walk_under_water_one_cm":35600,"minecraft:jump":1209,"minecraft:walk_on_water_one_cm":42982,"minecraft:interact_with_smoker":1,"minecraft:total_world_time":46317,"minecraft:fall_one_cm":91183},"minecraft:used":{"minecraft:diorite":1,"minecraft:red_sand":6,"minecraft:stone_pickaxe":50,"minecraft:wooden_pickaxe":6,"minecraft:shield":24,"minecraft:rotten_flesh":1,"minecraft:dirt":3,"minecraft:crafting_table":2,"minecraft:wooden_axe":11,"minecraft:stone_axe":27,"minecraft:furnace":1,"minecraft:cobbled_deepslate":23},"minecraft:killed":{"born_in_chaos_v1:baby_skeleton_minion":1,"born_in_chaos_v1:decrepit_skeleton":1,"minecraft:skeleton":2,"minecraft:zombie":5,"born_in_chaos_v1:corpse_fish":1},"minecraft:dropped":{"alexsmobs:animal_dictionary":1,"born_in_chaos_v1:monster_skin":1},"minecraft:mined":{"minecraft:acacia_leaves":2,"biomesoplenty:wildflower":1,"minecraft:crafting_table":1,"minecraft:red_sand":6,"minecraft:acacia_log":5,"minecraft:dead_bush":2,"biomesoplenty:dune_grass":1,"minecraft:iron_ore":16,"minecraft:grass":3,"minecraft:oak_log":2,"minecraft:deepslate_iron_ore":2,"minecraft:vine":1,"minecraft:dirt":1,"minecraft:stone":1,"minecraft:deepslate":34},"minecraft:crafted":{"minecraft:oak_planks":8,"minecraft:crafting_table":1,"minecraft:furnace":1,"minecraft:stone_axe":1,"minecraft:air":0,"minecraft:shield":1,"minecraft:stick":4,"minecraft:iron_ingot":2,"minecraft:stone_pickaxe":1,"minecraft:acacia_planks":12},"minecraft:picked_up":{"minecraft:wooden_axe":1,"born_in_chaos_v1:corpse_maggot":2,"minecraft:crafting_table":1,"born_in_chaos_v1:monster_flesh":5,"minecraft:andesite":6,"minecraft:wooden_pickaxe":1,"minecraft:oak_log":2,"minecraft:gunpowder":1,"minecraft:dirt":3,"minecraft:string":1,"born_in_chaos_v1:monster_skin":4,"minecraft:iron_shovel":1,"minecraft:cobbled_deepslate":34,"minecraft:wheat_seeds":1,"minecraft:red_sand":6,"biomesoplenty:wildflower":1,"minecraft:stick":4,"minecraft:raw_iron":18,"minecraft:acacia_log":5,"minecraft:diorite":2,"alexsmobs:animal_dictionary":1,"minecraft:rotten_flesh":5,"minecraft:granite":1,"born_in_chaos_v1:rotten_fish":1,"minecraft:cobblestone":6},"minecraft:broken":{"minecraft:wooden_axe":1}},"DataVersion":3465}