{"stats":{"minecraft:killed_by":{"minecraft:husk":1,"born_in_chaos_v1:nightmare_stalker":2,"born_in_chaos_v1:spirit_guide":1,"minecraft:zombie":1,"born_in_chaos_v1:swarmer":1},"minecraft:crafted":{"minecraft:wooden_sword":1,"minecraft:oak_planks":12,"minecraft:crafting_table":1,"minecraft:stick":8,"minecraft:wooden_pickaxe":1,"minecraft:wooden_axe":1,"minecraft:acacia_planks":4},"minecraft:picked_up":{"minecraft:crafting_table":1,"minecraft:sandstone":12,"minecraft:cut_sandstone":5,"minecraft:acacia_log":5,"minecraft:oak_log":4,"minecraft:string":1,"minecraft:stone_pressure_plate":1,"minecraft:tnt":9,"minecraft:orange_terracotta":1,"minecraft:arrow":2,"minecraft:bone":3,"minecraft:rotten_flesh":2,"minecraft:oak_planks":1},"minecraft:custom":{"minecraft:time_since_rest":3486,"minecraft:sprint_one_cm":35908,"minecraft:damage_taken":1895,"minecraft:walk_one_cm":17231,"minecraft:mob_kills":1,"minecraft:damage_dealt":577,"minecraft:swim_one_cm":6608,"minecraft:interact_with_crafting_table":3,"minecraft:fly_one_cm":75163,"minecraft:open_chest":7,"minecraft:crouch_one_cm":3077,"minecraft:play_time":8203,"minecraft:deaths":6,"minecraft:sneak_time":701,"minecraft:walk_under_water_one_cm":184,"minecraft:jump":285,"minecraft:time_since_death":3456,"minecraft:walk_on_water_one_cm":2699,"minecraft:total_world_time":8203,"minecraft:fall_one_cm":11722},"minecraft:killed":{"born_in_chaos_v1:decrepit_skeleton":1},"minecraft:used":{"minecraft:wooden_axe":11,"minecraft:acacia_log":4,"minecraft:oak_planks":1,"minecraft:wooden_pickaxe":10,"minecraft:sandstone":2,"minecraft:cut_sandstone":2,"minecraft:golden_apple":1,"minecraft:wooden_sword":20,"minecraft:crafting_table":2},"minecraft:mined":{"minecraft:cut_sandstone":5,"minecraft:stone_pressure_plate":1,"minecraft:orange_terracotta":1,"minecraft:tnt":9,"minecraft:crafting_table":1,"minecraft:acacia_log":5,"minecraft:oak_log":3,"minecraft:oak_planks":1,"minecraft:sandstone":2,"biomesoplenty:dune_grass":2}},"DataVersion":3465}