{"stats":{"minecraft:killed_by":{"born_in_chaos_v1:dark_vortex":1,"iceandfire:ghost":1,"alexsmobs:centipede_head":1,"minecraft:skeleton":1,"minecraft:creeper":1,"minecraft:spider":1},"minecraft:custom":{"minecraft:time_since_rest":48,"minecraft:sprint_one_cm":63227,"minecraft:damage_taken":4870,"minecraft:walk_one_cm":26695,"minecraft:trigger_trapped_chest":1,"minecraft:mob_kills":4,"minecraft:drop":1,"minecraft:damage_dealt":1023,"minecraft:interact_with_crafting_table":4,"minecraft:swim_one_cm":22383,"minecraft:fly_one_cm":103075,"minecraft:crouch_one_cm":13664,"minecraft:play_time":22317,"minecraft:deaths":10,"minecraft:sneak_time":4590,"minecraft:walk_under_water_one_cm":8508,"minecraft:jump":519,"minecraft:leave_game":1,"minecraft:walk_on_water_one_cm":11080,"minecraft:time_since_death":15,"minecraft:total_world_time":22317,"minecraft:fall_one_cm":50478,"minecraft:interact_with_furnace":2},"minecraft:used":{"minecraft:wooden_axe":11,"minecraft:diorite":1,"minecraft:red_sand":6,"minecraft:stone_pickaxe":13,"minecraft:wooden_pickaxe":6,"minecraft:stone_axe":3,"minecraft:dirt":1,"minecraft:crafting_table":2,"minecraft:furnace":1},"minecraft:killed":{"minecraft:skeleton":1,"minecraft:zombie":1,"born_in_chaos_v1:corpse_fish":1,"born_in_chaos_v1:decrepit_skeleton":1},"minecraft:dropped":{"alexsmobs:animal_dictionary":1},"minecraft:mined":{"minecraft:acacia_leaves":2,"biomesoplenty:wildflower":1,"minecraft:crafting_table":1,"minecraft:grass":2,"minecraft:red_sand":6,"minecraft:acacia_log":5,"minecraft:oak_log":2,"minecraft:deepslate_iron_ore":2,"minecraft:vine":1,"minecraft:dead_bush":2,"minecraft:dirt":1,"biomesoplenty:dune_grass":1,"minecraft:deepslate":15},"minecraft:crafted":{"minecraft:oak_planks":8,"minecraft:shield":1,"minecraft:crafting_table":1,"minecraft:stick":4,"minecraft:iron_ingot":2,"minecraft:stone_pickaxe":1,"minecraft:furnace":1,"minecraft:acacia_planks":12,"minecraft:stone_axe":1,"minecraft:air":0},"minecraft:picked_up":{"minecraft:wooden_axe":1,"minecraft:crafting_table":1,"minecraft:raw_iron":2,"born_in_chaos_v1:corpse_maggot":2,"minecraft:stick":4,"born_in_chaos_v1:monster_flesh":1,"minecraft:andesite":6,"minecraft:wooden_pickaxe":1,"minecraft:acacia_log":5,"minecraft:oak_log":2,"minecraft:diorite":2,"minecraft:gunpowder":1,"minecraft:string":1,"alexsmobs:animal_dictionary":1,"minecraft:dirt":3,"minecraft:iron_shovel":1,"minecraft:rotten_flesh":1,"minecraft:wheat_seeds":1,"minecraft:red_sand":6,"minecraft:cobbled_deepslate":15,"born_in_chaos_v1:rotten_fish":1,"biomesoplenty:wildflower":1,"minecraft:cobblestone":5},"minecraft:broken":{"minecraft:wooden_axe":1}},"DataVersion":3465}