{"stats":{"minecraft:custom":{"minecraft:interact_with_furnace":4,"minecraft:mob_kills":6,"minecraft:interact_with_crafting_table":10,"minecraft:time_since_death":23408,"minecraft:sleep_in_bed":4,"minecraft:climb_one_cm":4937,"minecraft:time_since_rest":1069,"minecraft:sprint_one_cm":162018,"minecraft:walk_one_cm":116127,"minecraft:damage_taken":2281,"minecraft:damage_absorbed":40,"minecraft:drop":6,"minecraft:damage_dealt":1422,"minecraft:swim_one_cm":17489,"minecraft:fly_one_cm":264733,"minecraft:open_chest":32,"minecraft:crouch_one_cm":8558,"minecraft:play_time":48186,"minecraft:deaths":8,"minecraft:sneak_time":2653,"minecraft:walk_under_water_one_cm":1461,"minecraft:jump":1196,"minecraft:walk_on_water_one_cm":13475,"minecraft:interact_with_smoker":3,"minecraft:total_world_time":48186,"minecraft:fall_one_cm":37607},"minecraft:broken":{"minecraft:wooden_axe":1},"minecraft:mined":{"minecraft:sandstone_slab":1,"minecraft:cut_sandstone":14,"minecraft:stone_pressure_plate":1,"minecraft:yellow_wall_banner":1,"minecraft:smoker":1,"minecraft:orange_terracotta":2,"biomesoplenty:desert_grass":3,"minecraft:crafting_table":3,"minecraft:acacia_log":23,"minecraft:chest":1,"minecraft:light_gray_bed":6,"minecraft:oak_planks":1,"minecraft:sugar_cane":4,"minecraft:sandstone":8,"biomesoplenty:dune_grass":3,"minecraft:furnace":2,"minecraft:tnt":9,"minecraft:oak_log":9,"minecraft:sand":5,"minecraft:stripped_oak_log":4,"minecraft:acacia_planks":3,"minecraft:oak_leaves":6,"minecraft:orange_bed":4},"minecraft:killed_by":{"minecraft:husk":1,"born_in_chaos_v1:nightmare_stalker":2,"born_in_chaos_v1:spirit_guide":1,"minecraft:zombie":1,"born_in_chaos_v1:spirit_guide_assistant":1,"born_in_chaos_v1:swarmer":1},"minecraft:killed":{"alexsmobs:guster":2,"alexsmobs:rattlesnake":2,"born_in_chaos_v1:decrepit_skeleton":1,"alexsmobs:kangaroo":1},"minecraft:crafted":{"minecraft:wooden_sword":1,"minecraft:oak_planks":32,"minecraft:crafting_table":3,"morevanillashields:emerald_shield":2,"minecraft:wooden_pickaxe":1,"minecraft:stone_axe":1,"born_in_chaos_v1:smoked_monster_flesh":4,"minecraft:air":0,"minecraft:stick":12,"minecraft:iron_pickaxe":1,"minecraft:wooden_axe":1,"minecraft:acacia_planks":28,"minecraft:smoker":1},"minecraft:used":{"minecraft:acacia_log":6,"minecraft:glass_bottle":1,"minecraft:oak_planks":1,"minecraft:chest":1,"minecraft:wooden_pickaxe":36,"minecraft:sandstone":2,"minecraft:cut_sandstone":8,"born_in_chaos_v1:stimulating_decoction":2,"minecraft:orange_bed":2,"minecraft:golden_apple":1,"minecraft:sand":17,"minecraft:crafting_table":5,"minecraft:smoker":1,"minecraft:oak_log":4,"minecraft:wooden_axe":66,"born_in_chaos_v1:monster_flesh":1,"minecraft:bread":1,"minecraft:iron_pickaxe":2,"born_in_chaos_v1:smoked_monster_flesh":4,"minecraft:stone_axe":3,"minecraft:wooden_sword":37,"minecraft:cobblestone":4,"minecraft:furnace":1,"minecraft:acacia_planks":7,"minecraft:light_gray_bed":4,"alexsmobs:emu_egg":1},"minecraft:dropped":{"minecraft:sandstone_slab":1,"minecraft:oak_sapling":2,"minecraft:stone_pressure_plate":1,"minecraft:wooden_sword":1,"minecraft:wooden_pickaxe":1},"minecraft:picked_up":{"born_in_chaos_v1:fused_bone":3,"minecraft:stripped_oak_log":4,"born_in_chaos_v1:corpse_maggot":2,"minecraft:crafting_table":3,"minecraft:sandstone_slab":1,"born_in_chaos_v1:monster_flesh":5,"born_in_chaos_v1:spiritual_dust":3,"born_in_chaos_v1:seedof_chaos":3,"minecraft:cut_sandstone":14,"alexsmobs:acacia_blossom":1,"minecraft:wooden_pickaxe":2,"minecraft:smoker":1,"alexsmobs:roadrunner_feather":1,"minecraft:oak_log":13,"smarter_mobs:spider_web":1,"minecraft:string":1,"minecraft:wooden_sword":1,"minecraft:orange_terracotta":2,"born_in_chaos_v1:monster_skin":5,"born_in_chaos_v1:intoxicating_decoction":2,"minecraft:bone":13,"minecraft:acacia_planks":2,"minecraft:apple":1,"minecraft:iron_ingot":3,"born_in_chaos_v1:stimulating_decoction":2,"minecraft:sugar_cane":11,"minecraft:chest":1,"minecraft:oak_planks":1,"minecraft:furnace":2,"minecraft:stick":6,"iceandfire:dragonbone":2,"minecraft:sandstone":29,"born_in_chaos_v1:orbofthe_summoner":1,"minecraft:acacia_log":23,"iceandfire:dragon_skull_fire":1,"minecraft:sand":21,"minecraft:stone_pressure_plate":1,"minecraft:yellow_banner":1,"minecraft:orange_bed":3,"minecraft:tnt":9,"alexsmobs:guster_eye":1,"minecraft:light_gray_bed":5,"minecraft:arrow":4,"minecraft:rotten_flesh":15,"alexsmobs:rattlesnake_rattle":2,"alexsmobs:emu_egg":1,"minecraft:oak_sapling":2,"minecraft:coal":3}},"DataVersion":3465}