{"stats":{"minecraft:custom":{"minecraft:time_since_rest":1387,"minecraft:crouch_one_cm":4628,"minecraft:play_time":10317,"minecraft:sprint_one_cm":36031,"minecraft:damage_taken":3815,"minecraft:deaths":6,"minecraft:walk_one_cm":13408,"minecraft:sneak_time":1800,"minecraft:trigger_trapped_chest":1,"minecraft:walk_under_water_one_cm":2648,"minecraft:mob_kills":1,"minecraft:drop":1,"minecraft:jump":282,"minecraft:damage_dealt":169,"minecraft:leave_game":1,"minecraft:time_since_death":1361,"minecraft:walk_on_water_one_cm":1348,"minecraft:total_world_time":10317,"minecraft:swim_one_cm":17932,"minecraft:fall_one_cm":42957,"minecraft:fly_one_cm":65491},"minecraft:killed_by":{"born_in_chaos_v1:dark_vortex":1,"iceandfire:ghost":1},"minecraft:used":{"minecraft:red_sand":6},"minecraft:killed":{"born_in_chaos_v1:corpse_fish":1},"minecraft:dropped":{"alexsmobs:animal_dictionary":1},"minecraft:mined":{"minecraft:grass":2,"minecraft:oak_log":2,"minecraft:red_sand":6,"minecraft:acacia_log":2,"minecraft:acacia_leaves":1,"minecraft:vine":1,"minecraft:dead_bush":2,"minecraft:dirt":1,"biomesoplenty:wildflower":1,"biomesoplenty:dune_grass":1},"minecraft:crafted":{"minecraft:oak_planks":8},"minecraft:picked_up":{"minecraft:stick":4,"minecraft:acacia_log":2,"minecraft:red_sand":6,"minecraft:oak_log":2,"born_in_chaos_v1:rotten_fish":1,"biomesoplenty:wildflower":1,"minecraft:dirt":1,"alexsmobs:animal_dictionary":1}},"DataVersion":3465}