{"stats":{"minecraft:mined":{"minecraft:dark_oak_planks":10,"minecraft:stone_pressure_plate":1,"minecraft:spruce_planks":3,"minecraft:white_bed":10,"iceandfire:copper_pile":4,"minecraft:granite":3,"minecraft:acacia_log":23,"minecraft:grass_block":1,"minecraft:light_gray_bed":14,"minecraft:spawner":1,"minecraft:smooth_stone":2,"minecraft:fire":7,"minecraft:iron_ore":26,"minecraft:barrel":1,"minecraft:pointed_dripstone":1,"iceandfire:gold_pile":9,"minecraft:oak_stairs":12,"minecraft:iron_bars":2,"biomesoplenty:webbing":1,"minecraft:orange_bed":4,"minecraft:sandstone_slab":1,"minecraft:cut_sandstone":14,"minecraft:smoker":1,"minecraft:orange_terracotta":2,"minecraft:chest":1,"minecraft:white_stained_glass_pane":2,"minecraft:dead_bush":1,"iceandfire:fire_lily":1,"minecraft:cobblestone":14,"minecraft:sugar_cane":4,"minecraft:oak_planks":23,"minecraft:wall_torch":1,"minecraft:birch_log":464,"minecraft:wheat":65,"minecraft:tnt":10,"minecraft:grass":142,"minecraft:oak_log":139,"minecraft:sand":5,"minecraft:dirt":19,"minecraft:stonecutter":1,"minecraft:oak_leaves":25,"minecraft:yellow_wall_banner":1,"iceandfire:silver_ore":9,"minecraft:stripped_birch_log":6,"biomesoplenty:desert_grass":5,"minecraft:dark_oak_log":10,"biomesoplenty:bush":10,"minecraft:allium":2,"minecraft:jungle_planks":4,"minecraft:stripped_jungle_wood":1,"minecraft:sandstone":8,"biomesoplenty:dune_grass":3,"minecraft:hay_block":12,"minecraft:furnace":3,"minecraft:peony":1,"minecraft:bookshelf":12,"biomesoplenty:high_grass":3,"minecraft:stripped_oak_log":4,"biomesoplenty:spider_egg":1,"minecraft:stone":62,"minecraft:white_wool":4,"minecraft:birch_stairs":1,"minecraft:crafting_table":6,"minecraft:rose_bush":2,"minecraft:campfire":2,"biomesoplenty:high_grass_plant":4,"minecraft:tall_grass":6,"minecraft:copper_ore":20,"minecraft:diorite":1,"minecraft:birch_planks":27,"minecraft:red_terracotta":4,"minecraft:coarse_dirt":3,"biomesoplenty:pink_daffodil":2,"minecraft:birch_leaves":7,"minecraft:coal_ore":120,"iceandfire:silver_pile":6,"minecraft:gravel":1,"minecraft:dripstone_block":1,"biomesoplenty:stringy_cobweb":2,"minecraft:cobweb":29,"minecraft:acacia_planks":20},"minecraft:dropped":{"biomesoplenty:pink_daffodil":1,"minecraft:sandstone_slab":1,"minecraft:leather":10,"iceandfire:ectoplasm":3,"minecraft:emerald":6,"alexsmobs:roadrunner_feather":1,"minecraft:wooden_sword":1,"iceandfire:copper_pickaxe":1,"minecraft:sand":4,"minecraft:bone":2,"minecraft:sugar_cane":11,"immersive_melodies:flute":4,"minecraft:rotten_flesh":10,"minecraft:oak_planks":162,"iceandfire:fire_lily":1,"alexsmobs:emu_egg":1,"born_in_chaos_v1:corpse_maggot":1,"minecraft:acacia_sapling":2,"minecraft:iron_bars":2,"minecraft:arrow":15,"iceandfire:manuscript":2,"mowziesmobs:umvuthana_mask_fury":1,"born_in_chaos_v1:intoxicating_decoction":1,"minecraft:wheat_seeds":15,"minecraft:dripstone_block":2,"minecraft:feather":1,"minecraft:cobblestone":2,"alexsmobs:rattlesnake_rattle":2,"minecraft:apple":1,"minecraft:coal":1,"minecraft:stick":4,"minecraft:iron_leggings":1,"iceandfire:cannoli":1,"minecraft:orange_bed":1,"minecraft:smooth_stone":1,"minecraft:acacia_planks":2,"iceandfire:dragon_skull_fire":1,"minecraft:oak_trapdoor":1,"minecraft:raw_copper":24,"iceandfire:copper_axe":1,"minecraft:shield":2,"mowziesmobs:umvuthana_mask_misery":1,"minecraft:peony":1,"minecraft:andesite":1,"minecraft:oak_sapling":5,"minecraft:stone_pressure_plate":1,"minecraft:sandstone":6,"minecraft:wooden_pickaxe":1},"minecraft:killed_by":{"born_in_chaos_v1:nightmare_stalker":2,"iceandfire:cyclops":19,"minecraft:creeper":1,"born_in_chaos_v1:spirit_guide":1,"mowziesmobs:umvuthi":3,"minecraft:zombie":2,"born_in_chaos_v1:spirit_guide_assistant":1,"iceandfire:fire_dragon":2,"minecraft:husk":1,"minecraft:player":1,"minecraft:spider":1,"born_in_chaos_v1:pumpkin_spirit":1,"born_in_chaos_v1:swarmer":1,"born_in_chaos_v1:dark_vortex":1,"born_in_chaos_v1:decaying_zombie":1,"mowziesmobs:ferrous_wroughtnaut":20,"minecraft:skeleton":7,"iceandfire:lightning_dragon":3,"iceandfire:ghost":1,"born_in_chaos_v1:missioner":2,"mowziesmobs:umvuthana_crane":2},"minecraft:broken":{"morevanillashields:emerald_shield":1,"mowziesmobs:umvuthana_mask_faith":1,"minecraft:iron_boots":1,"minecraft:iron_leggings":1,"minecraft:wooden_sword":1,"minecraft:stone_axe":1,"minecraft:wooden_axe":3,"mowziesmobs:umvuthana_mask_bliss":2,"minecraft:iron_axe":3,"minecraft:iron_pickaxe":1},"minecraft:killed":{"minecraft:cave_spider":1,"born_in_chaos_v1:zombie_lumberjack":3,"born_in_chaos_v1:pumpkin_spirit":1,"minecraft:spider":2,"iceandfire:stymphalian_bird":2,"minecraft:skeleton":6,"mowziesmobs:umvuthana_crane":4,"born_in_chaos_v1:skeleton_thrasher":1,"alexsmobs:kangaroo":3,"minecraft:pig":1,"minecraft:sheep":2,"minecraft:zombie":7,"born_in_chaos_v1:corpse_fly":1,"born_in_chaos_v1:door_knight":1,"minecraft:cow":1,"alexsmobs:rattlesnake":2,"born_in_chaos_v1:zombie_bruiser":1,"born_in_chaos_v1:maggot":7,"born_in_chaos_v1:corpse_fish":3,"mowziesmobs:umvuthana":2,"born_in_chaos_v1:spiritof_chaos":1,"alexsmobs:guster":2,"born_in_chaos_v1:baby_skeleton":2,"born_in_chaos_v1:decrepit_skeleton":3,"iceandfire:ghost":4,"alexsmobs:gazelle":1},"minecraft:crafted":{"minecraft:oak_planks":516,"immersive_paintings:painting":1,"iceandfire:armor_copper_metal_chestplate":1,"minecraft:chest":3,"iceandfire:copper_pickaxe":1,"minecraft:smoker":1,"minecraft:crafting_table":14,"minecraft:spruce_planks":12,"minecraft:wooden_pickaxe":1,"minecraft:copper_ingot":40,"minecraft:oak_wood":3,"minecraft:birch_planks":1408,"iceandfire:armor_copper_chestplate":1,"minecraft:iron_chestplate":1,"minecraft:diamond_pickaxe":1,"morevanillashields:obsidian_shield":1,"minecraft:stick":44,"minecraft:iron_ingot":15,"minecraft:iron_pickaxe":1,"minecraft:birch_stairs":116,"minecraft:wooden_sword":1,"morevanillashields:emerald_shield":2,"minecraft:furnace":2,"immersive_melodies:flute":2,"born_in_chaos_v1:smoked_monster_flesh":4,"iceandfire:armor_copper_metal_helmet":1,"minecraft:oak_trapdoor":2,"minecraft:leather":10,"minecraft:iron_axe":4,"iceandfire:armor_silver_metal_boots":1,"minecraft:dark_oak_planks":40,"minecraft:wheat":108,"sophisticatedbackpacks:iron_backpack":1,"minecraft:red_dye":2,"iceandfire:silver_ingot":4,"minecraft:iron_sword":2,"sophisticatedbackpacks:gold_backpack":1,"minecraft:stone_axe":1,"minecraft:bread":25,"minecraft:air":0,"minecraft:oak_stairs":12,"minecraft:wooden_axe":4,"minecraft:iron_leggings":1,"minecraft:acacia_planks":28,"minecraft:torch":144},"minecraft:picked_up":{"minecraft:wheat":63,"minecraft:chainmail_boots":1,"minecraft:oak_stairs":12,"minecraft:brewing_stand":1,"iceandfire:manuscript":2,"minecraft:string":27,"minecraft:raw_copper":106,"minecraft:iron_leggings":2,"minecraft:diamond_leggings":1,"minecraft:gold_nugget":46,"minecraft:smooth_stone":4,"minecraft:spruce_planks":1,"minecraft:rose_bush":2,"hangglider:hang_glider":1,"born_in_chaos_v1:stimulating_decoction":2,"minecraft:furnace":3,"minecraft:iron_boots":3,"minecraft:stick":69,"born_in_chaos_v1:shattered_skull":1,"minecraft:jungle_door":1,"minecraft:torch":5,"minecraft:acacia_log":23,"minecraft:porkchop":1,"minecraft:sandstone_wall":1,"iceandfire:lightning_dragon_flesh":1,"minecraft:pointed_dripstone":8,"minecraft:diorite":1,"minecraft:yellow_banner":1,"minecraft:orange_bed":3,"minecraft:light_gray_bed":13,"minecraft:rotten_flesh":60,"iceandfire:deathworm_chitin_yellow":2,"alexsmobs:emu_egg":2,"immersive_melodies:flute":3,"minecraft:obsidian":1,"minecraft:iron_bars":2,"minecraft:cobblestone":85,"minecraft:birch_log":455,"minecraft:feather":7,"born_in_chaos_v1:spiritual_dust":3,"minecraft:jungle_log":2,"minecraft:andesite":2,"minecraft:smoker":1,"smarter_mobs:spider_web":1,"minecraft:stripped_birch_log":6,"minecraft:dirt":29,"minecraft:lantern":1,"born_in_chaos_v1:monster_skin":5,"minecraft:bone":51,"minecraft:acacia_planks":19,"minecraft:stonecutter":1,"minecraft:wheat_seeds":165,"minecraft:oak_planks":63,"iceandfire:copper_axe":1,"iceandfire:dragon_skull_fire":3,"minecraft:sand":22,"minecraft:stripped_spruce_log":6,"iceandfire:lightning_dragon_heart":1,"minecraft:dark_oak_log":13,"minecraft:red_terracotta":2,"minecraft:barrel":1,"minecraft:iron_hoe":1,"alexsmobs:guster_eye":1,"alexsmobs:rattlesnake_rattle":2,"minecraft:granite":8,"minecraft:bone_meal":1,"minecraft:chainmail_helmet":2,"minecraft:bread":68,"minecraft:oak_sapling":33,"biomesoplenty:pink_daffodil":2,"born_in_chaos_v1:rotten_fish":2,"iceandfire:silver_nugget":18,"iceandfire:raw_silver":8,"iceandfire:dragon_skull_lightning":1,"minecraft:charcoal":4,"minecraft:crafting_table":7,"minecraft:allium":2,"minecraft:sandstone_slab":4,"minecraft:chicken":3,"born_in_chaos_v1:seedof_chaos":3,"iceandfire:fire_lily":1,"minecraft:wooden_pickaxe":2,"alexsmobs:roadrunner_feather":1,"minecraft:shield":3,"minecraft:iron_axe":1,"minecraft:wooden_sword":1,"born_in_chaos_v1:intoxicating_decoction":3,"minecraft:item_frame":2,"minecraft:birch_fence":1,"minecraft:beef":6,"minecraft:spruce_slab":3,"minecraft:birch_sapling":56,"minecraft:chest":1,"minecraft:sugar_cane":11,"immersive_paintings:painting":1,"minecraft:egg":1,"minecraft:raw_iron":25,"minecraft:sandstone":29,"iceandfire:dragonbone":26,"minecraft:oak_door":1,"minecraft:copper_ingot":27,"sophisticatedbackpacks:backpack":1,"minecraft:stone_button":2,"born_in_chaos_v1:pieceofdarkmetal":9,"born_in_chaos_v1:charmof_endurance":1,"minecraft:stone_pressure_plate":1,"minecraft:dark_oak_planks":7,"mowziesmobs:umvuthana_mask_faith":1,"minecraft:tnt":10,"minecraft:arrow":11,"iceandfire:cyclops_eye":1,"minecraft:peony":1,"minecraft:hay_block":12,"minecraft:diamond_boots":1,"mowziesmobs:umvuthana_mask_bliss":3,"minecraft:gold_ingot":9,"minecraft:mutton":5,"alexsmobs:kangaroo_meat":2,"minecraft:white_wool":6,"born_in_chaos_v1:fused_bone":5,"minecraft:stripped_oak_log":5,"born_in_chaos_v1:corpse_maggot":8,"mowziesmobs:umvuthana_mask_fury":1,"born_in_chaos_v1:monster_flesh":7,"minecraft:cut_sandstone":14,"minecraft:leather":2,"alexsmobs:acacia_blossom":1,"minecraft:birch_planks":26,"minecraft:oak_log":135,"minecraft:orange_terracotta":2,"minecraft:cooked_mutton":1,"minecraft:apple":4,"minecraft:stone_bricks":5,"iceandfire:cannoli":1,"minecraft:iron_ingot":39,"minecraft:iron_sword":1,"minecraft:acacia_sapling":2,"minecraft:book":36,"iceandfire:copper_nugget":29,"born_in_chaos_v1:orbofthe_summoner":1,"iceandfire:ash":1,"born_in_chaos_v1:ethereal_spirit":4,"minecraft:dripstone_block":5,"minecraft:birch_stairs":1,"minecraft:white_bed":10,"minecraft:spruce_log":1,"iceandfire:dragonscales_copper":12,"minecraft:iron_helmet":1,"minecraft:stripped_jungle_wood":6,"minecraft:birch_sign":3,"minecraft:coal":156},"minecraft:custom":{"minecraft:animals_bred":2,"minecraft:interact_with_crafting_table":55,"minecraft:open_barrel":4,"minecraft:leave_game":5,"minecraft:time_since_death":689,"minecraft:damage_resisted":113,"minecraft:sprint_one_cm":1052925,"minecraft:damage_blocked_by_shield":3930,"minecraft:drop":79,"minecraft:talked_to_villager":9,"minecraft:play_time":294813,"minecraft:deaths":81,"minecraft:jump":6349,"minecraft:walk_on_water_one_cm":41813,"minecraft:interact_with_furnace":25,"minecraft:sleep_in_bed":21,"minecraft:damage_dealt":16900,"minecraft:player_kills":1,"minecraft:crouch_one_cm":148503,"minecraft:interact_with_smoker":6,"minecraft:interact_with_anvil":1,"minecraft:mob_kills":72,"minecraft:damage_dealt_resisted":1483,"minecraft:climb_one_cm":6106,"minecraft:walk_one_cm":666025,"minecraft:sneak_time":34156,"minecraft:walk_under_water_one_cm":28913,"minecraft:interact_with_blast_furnace":5,"minecraft:total_world_time":294813,"minecraft:time_since_rest":719,"minecraft:damage_taken":34617,"minecraft:damage_absorbed":40,"minecraft:trigger_trapped_chest":1,"minecraft:swim_one_cm":57322,"minecraft:fly_one_cm":1410559,"minecraft:open_chest":62,"minecraft:fall_one_cm":254943},"minecraft:used":{"alexsmobs:emu_egg":1,"minecraft:chest":4,"minecraft:iron_sword":291,"morevanillashields:obsidian_shield":88,"iceandfire:armor_copper_chestplate":1,"mowziesmobs:umvuthana_mask_bliss":1,"minecraft:allium":2,"minecraft:stripped_spruce_log":3,"iceandfire:copper_pickaxe":3,"minecraft:stone_bricks":3,"minecraft:furnace":4,"minecraft:stripped_birch_log":6,"minecraft:oak_planks":272,"minecraft:wooden_pickaxe":36,"minecraft:sandstone":2,"minecraft:golden_apple":1,"iceandfire:armor_silver_metal_boots":1,"minecraft:sand":17,"born_in_chaos_v1:monster_flesh":1,"minecraft:stone_button":1,"minecraft:bread":84,"born_in_chaos_v1:smoked_monster_flesh":4,"minecraft:wooden_sword":66,"iceandfire:dragon_skull_fire":2,"minecraft:birch_log":103,"minecraft:oak_trapdoor":1,"minecraft:acacia_log":6,"mowziesmobs:umvuthana_mask_misery":1,"minecraft:spruce_planks":7,"minecraft:orange_bed":2,"minecraft:torch":133,"minecraft:dirt":13,"minecraft:dark_oak_planks":27,"minecraft:wooden_axe":220,"immersive_paintings:painting":1,"minecraft:iron_axe":827,"minecraft:oak_stairs":20,"minecraft:acacia_planks":37,"minecraft:light_gray_bed":11,"minecraft:wheat_seeds":37,"minecraft:birch_planks":1241,"minecraft:glass_bottle":1,"minecraft:cut_sandstone":8,"born_in_chaos_v1:stimulating_decoction":2,"morevanillashields:emerald_shield":31,"minecraft:crafting_table":20,"minecraft:white_bed":10,"minecraft:smoker":2,"minecraft:oak_log":4,"minecraft:diamond_pickaxe":54,"minecraft:iron_pickaxe":285,"iceandfire:ash":1,"minecraft:stone_axe":81,"minecraft:cobblestone":76,"mowziesmobs:umvuthana_mask_fury":1,"minecraft:smooth_stone":3,"minecraft:birch_stairs":23}},"DataVersion":3465}