{"stats":{"minecraft:killed_by":{"alexsmobs:centipede_head":1,"minecraft:skeleton":7,"minecraft:creeper":2,"minecraft:spider":1,"born_in_chaos_v1:zombie_bruiser":1,"born_in_chaos_v1:dark_vortex":2,"iceandfire:ghost":1},"minecraft:custom":{"minecraft:interact_with_furnace":2,"minecraft:mob_kills":5,"minecraft:interact_with_crafting_table":4,"minecraft:leave_game":1,"minecraft:time_since_death":604,"minecraft:time_since_rest":672,"minecraft:sprint_one_cm":118339,"minecraft:damage_taken":7460,"minecraft:walk_one_cm":40319,"minecraft:damage_blocked_by_shield":120,"minecraft:trigger_trapped_chest":1,"minecraft:drop":2,"minecraft:damage_dealt":2009,"minecraft:swim_one_cm":29607,"minecraft:fly_one_cm":183887,"minecraft:crouch_one_cm":14841,"minecraft:play_time":34317,"minecraft:deaths":19,"minecraft:sneak_time":5260,"minecraft:walk_under_water_one_cm":21505,"minecraft:jump":882,"minecraft:walk_on_water_one_cm":32350,"minecraft:total_world_time":34317,"minecraft:fall_one_cm":71117},"minecraft:used":{"minecraft:diorite":1,"minecraft:red_sand":6,"minecraft:stone_pickaxe":14,"minecraft:wooden_pickaxe":6,"minecraft:shield":9,"minecraft:dirt":1,"minecraft:crafting_table":2,"minecraft:wooden_axe":11,"minecraft:stone_axe":14,"minecraft:furnace":1,"minecraft:cobbled_deepslate":4},"minecraft:killed":{"born_in_chaos_v1:decrepit_skeleton":1,"minecraft:skeleton":1,"minecraft:zombie":2,"born_in_chaos_v1:corpse_fish":1},"minecraft:dropped":{"alexsmobs:animal_dictionary":1,"born_in_chaos_v1:monster_skin":1},"minecraft:mined":{"minecraft:acacia_leaves":2,"biomesoplenty:wildflower":1,"minecraft:crafting_table":1,"minecraft:red_sand":6,"minecraft:acacia_log":5,"minecraft:dead_bush":2,"biomesoplenty:dune_grass":1,"minecraft:grass":3,"minecraft:oak_log":2,"minecraft:deepslate_iron_ore":2,"minecraft:vine":1,"minecraft:dirt":1,"minecraft:deepslate":15},"minecraft:crafted":{"minecraft:oak_planks":8,"minecraft:crafting_table":1,"minecraft:furnace":1,"minecraft:stone_axe":1,"minecraft:air":0,"minecraft:shield":1,"minecraft:stick":4,"minecraft:iron_ingot":2,"minecraft:stone_pickaxe":1,"minecraft:acacia_planks":12},"minecraft:picked_up":{"minecraft:wooden_axe":1,"born_in_chaos_v1:corpse_maggot":2,"minecraft:crafting_table":1,"born_in_chaos_v1:monster_flesh":4,"minecraft:andesite":6,"minecraft:wooden_pickaxe":1,"minecraft:oak_log":2,"minecraft:gunpowder":1,"minecraft:dirt":3,"minecraft:string":1,"born_in_chaos_v1:monster_skin":3,"minecraft:iron_shovel":1,"minecraft:cobbled_deepslate":15,"minecraft:wheat_seeds":1,"minecraft:red_sand":6,"biomesoplenty:wildflower":1,"minecraft:stick":4,"minecraft:raw_iron":2,"minecraft:acacia_log":5,"minecraft:diorite":2,"alexsmobs:animal_dictionary":1,"minecraft:rotten_flesh":3,"minecraft:granite":1,"born_in_chaos_v1:rotten_fish":1,"minecraft:cobblestone":5},"minecraft:broken":{"minecraft:wooden_axe":1}},"DataVersion":3465}