{"stats":{"minecraft:used":{"minecraft:wooden_axe":9,"minecraft:wooden_pickaxe":28,"minecraft:wooden_sword":40,"minecraft:dirt":9,"minecraft:crafting_table":2,"minecraft:furnace":1,"minecraft:white_bed":2,"minecraft:cooked_beef":2},"minecraft:custom":{"minecraft:time_since_rest":12177,"minecraft:interact_with_furnace":9,"minecraft:sprint_one_cm":33564,"minecraft:damage_taken":20,"minecraft:walk_one_cm":14805,"minecraft:mob_kills":15,"minecraft:drop":1,"minecraft:damage_dealt":1220,"minecraft:interact_with_crafting_table":3,"minecraft:fly_one_cm":82842,"minecraft:crouch_one_cm":4096,"minecraft:play_time":25249,"minecraft:sneak_time":1834,"minecraft:jump":421,"minecraft:leave_game":2,"minecraft:time_since_death":25249,"minecraft:sleep_in_bed":1,"minecraft:total_world_time":25249,"minecraft:fall_one_cm":12518},"minecraft:picked_up":{"minecraft:crafting_table":2,"minecraft:feather":5,"minecraft:chicken":3,"minecraft:leather":2,"minecraft:porkchop":7,"minecraft:oak_log":10,"minecraft:white_bed":2,"minecraft:dirt":9,"minecraft:wheat_seeds":5,"minecraft:beef":7,"minecraft:mutton":7,"minecraft:egg":1,"minecraft:white_wool":5,"minecraft:cobblestone":27,"minecraft:furnace":1},"minecraft:mined":{"minecraft:white_bed":2,"minecraft:furnace":1,"minecraft:crafting_table":2,"minecraft:grass":20,"minecraft:grass_block":5,"minecraft:oak_log":10,"minecraft:dirt":4,"minecraft:tall_grass":2,"minecraft:stone":27,"minecraft:oak_leaves":1},"minecraft:dropped":{"minecraft:wheat_seeds":2},"minecraft:killed":{"minecraft:sheep":5,"minecraft:pig":4,"minecraft:chicken":3,"minecraft:cow":3},"minecraft:crafted":{"minecraft:cooked_beef":7,"minecraft:wooden_sword":1,"minecraft:oak_planks":40,"minecraft:crafting_table":1,"minecraft:stick":8,"minecraft:wooden_pickaxe":1,"minecraft:cooked_chicken":2,"minecraft:wooden_axe":1,"minecraft:furnace":1,"minecraft:white_bed":1,"minecraft:air":0,"minecraft:cooked_mutton":7}},"DataVersion":3465}